fy,title,title_url,original_solicitation,original_solicitation_url,recipient,state,award_number,amount,status
2024,A Combined Molecular Analysis of Pollen Utilizing Lipid Profiling & DNA Barcoding for Plant Species Identification: A Forensic Application,https://nij.ojp.gov/funding/awards/15pnij-24-gg-01571-ress,NIJ FY24 Graduate Research Fellowship,https://nij.ojp.gov/funding/opportunities/o-nij-2024-171946,THE UNIVERSITY OF CENTRAL FLORIDA BOARD OF TRUSTEES,FL,15PNIJ-24-GG-01571-RESS,"$120,000",Open
2024,A Comparative Evaluation of the MinION and MiSeq Sequencing Platforms for the Analysis of Human Hand Microbial Profiles for Forensic Investigations.,https://nij.ojp.gov/funding/awards/15pnij-24-gg-03842-slfo,NIJ FY24 Research and Development in Forensic Science for Criminal Justice Purposes,https://nij.ojp.gov/funding/opportunities/o-nij-2024-171962,FLORIDA INTERNATIONAL UNIVERSITY,FL,15PNIJ-24-GG-03842-SLFO,"$487,790",Open
2024,A Comprehensive Evaluation and Error Rate Assessment of Field Colorimetric Testing for Seized Drugs,https://nij.ojp.gov/funding/awards/15pnij-24-gg-03851-slfo,NIJ FY24 Research and Development in Forensic Science for Criminal Justice Purposes,https://nij.ojp.gov/funding/opportunities/o-nij-2024-171962,RESEARCH TRIANGLE INSTITUTE,NC,15PNIJ-24-GG-03851-SLFO,"$499,902",Open
2024,A Focused Deterrence Program for Juveniles with Firearm Offenses: a Randomized Controlled Trial and Process Evaluation,https://nij.ojp.gov/funding/awards/15pnij-24-gg-03092-mumu,NIJ FY24 Research and Evaluation on Youth Justice Topics,https://nij.ojp.gov/funding/opportunities/o-nij-2024-172022,FLORIDA STATE UNIVERSITY,FL,15PNIJ-24-GG-03092-MUMU,"$1,255,241",Open
2024,A Multi-District Analysis of School Safety in School Districts Awarded STOP School Violence Grants in Fiscal Years 2018–2023,https://nij.ojp.gov/funding/awards/15pnij-24-gk-01051-stop,NIJ FY24 Research and Evaluation on School Safety,https://nij.ojp.gov/funding/opportunities/o-nij-2024-171992,RESEARCH TRIANGLE INSTITUTE,NC,15PNIJ-24-GK-01051-STOP,"$933,524",Open
2024,"A Multi-Method Genetic, Craniometric, and Isotopic Approach to Estimating Geographic Origin of Unidentified Latinx Remains",https://nij.ojp.gov/funding/awards/15pnij-24-gg-01578-ress,NIJ FY24 Graduate Research Fellowship,https://nij.ojp.gov/funding/opportunities/o-nij-2024-171946,TEXAS STATE UNIVERSITY,TX,15PNIJ-24-GG-01578-RESS,"$180,000",Open
2024,A National Review of Multidisciplinary Teams addressing Child Sexual Exploitation,https://nij.ojp.gov/funding/awards/15pnij-24-gg-01653-mumu,NIJ FY24 Research on Multidisciplinary Teams,https://nij.ojp.gov/funding/opportunities/o-nij-2024-172031,UNIVERSITY OF NEBRASKA,NE,15PNIJ-24-GG-01653-MUMU,"$1,499,977",Open
2024,A Pilot Study: Behavioral Response and Community Engagement (BRACE) Team,https://nij.ojp.gov/funding/awards/15pnij-24-gg-05448-nijb,NIJ FY24 Field-Initiated Action Research Partnerships,https://nij.ojp.gov/funding/opportunities/o-nij-2024-172070,UNIVERSITY OF SOUTH FLORIDA,FL,15PNIJ-24-GG-05448-NIJB,"$399,995",Open
2024,A Statewide Assessment of the Impact of Virtual Check-Ins for Community Supervision,https://nij.ojp.gov/funding/awards/15pnij-24-gg-01083-fsax,NIJ FY24 Research and Evaluation on Corrections,https://nij.ojp.gov/funding/opportunities/o-nij-2024-171970,RESEARCH TRIANGLE INSTITUTE,NC,15PNIJ-24-GG-01083-FSAX,"$1,157,850",Open
2024,A Study of a Statewide Safe Firearms Storage Message Campaign in Texas Schools,https://nij.ojp.gov/funding/awards/15pnij-24-gg-02407-stop,NIJ FY24 Research and Evaluation on Firearm Violence and Mass Shootings,https://nij.ojp.gov/funding/opportunities/o-nij-2024-171966,WESTED,CA,15PNIJ-24-GG-02407-STOP,"$846,618",Open
2024,A Universal Method for the Detection of Gunshot Residue using Vibrational Spectroscopy,https://nij.ojp.gov/funding/awards/15pnij-24-gg-03857-nijb,NIJ FY24 Research and Development in Forensic Science for Criminal Justice Purposes,https://nij.ojp.gov/funding/opportunities/o-nij-2024-171962,"RESEARCH FOUNDATION FOR THE STATE UNIVERSITY OF NEW YORK, THE",NY,15PNIJ-24-GG-03857-NIJB,"$556,572",Open
2024,ABCD Social Development (ABCD-SD),https://nij.ojp.gov/funding/awards/2017-mu-cx-0044/7,NIJ FY24 Invited to Apply – Adolescent Brain Cognitive Development: Social Development Sub-study (ABCD-SD),https://nij.ojp.gov/funding/opportunities/o-nij-2024-172213,UNIVERSITY OF PITTSBURGH - OF THE COMMONWEALTH SYSTEM OF HIGHER EDUCATION,PA,2017-MU-CX-0044,"$1,800,000",Open
2024,Advancing Denver’s Handgun Intervention Program through Action Research,https://nij.ojp.gov/funding/awards/15pnij-24-gg-05450-nijb,NIJ FY24 Field-Initiated Action Research Partnerships,https://nij.ojp.gov/funding/opportunities/o-nij-2024-172070,UNIVERSITY OF DENVER,CO,15PNIJ-24-GG-05450-NIJB,"$425,000",Open
2024,Advancing New Psychoactive Substance Detection by Performance Comparison of High-Resolution Mass Spectrometry Techniques,https://nij.ojp.gov/funding/awards/15pnij-24-gg-01569-ress,NIJ FY24 Graduate Research Fellowship,https://nij.ojp.gov/funding/opportunities/o-nij-2024-171946,FLORIDA INTERNATIONAL UNIVERSITY,FL,15PNIJ-24-GG-01569-RESS,"$119,881",Open
2024,Age estimation from epigenetic features of hair DNA,https://nij.ojp.gov/funding/awards/15pnij-24-gg-03843-slfo,NIJ FY24 Research and Development in Forensic Science for Criminal Justice Purposes,https://nij.ojp.gov/funding/opportunities/o-nij-2024-171962,UNIVERSITY OF CALIFORNIA SANTA CRUZ,CA,15PNIJ-24-GG-03843-SLFO,"$640,358",Open
2024,American Association for the Advancement of Science (AAAS) Science & Technology Policy Fellowships 2024-25,https://nij.ojp.gov/funding/awards/15pnij-24-gg-01170-ress,NIJ FY24 Invited to Apply - American Association for the Advancement of Science (AAAS) Science & Technology Policy Fellowships (STPF),https://nij.ojp.gov/funding/opportunities/o-nij-2024-172214,AMERICAN ASSOCIATION FOR THE ADVANCEMENT OF SCIENCE,DC,15PNIJ-24-GG-01170-RESS,"$315,000",Open
2024,An Evaluation of Active Bystandership for Law Enforcement (ABLE) Training: A Multi-Method Approach to Measuring Effectiveness,https://nij.ojp.gov/funding/awards/15pnij-24-gg-02575-ress,NIJ FY24 Research and Evaluation of Policing Practices,https://nij.ojp.gov/funding/opportunities/o-nij-2024-172011,THE CNA CORPORATION,VA,15PNIJ-24-GG-02575-RESS,"$1,001,561",Open
2024,Assessing the Implementation and Impact of Restorative Practices within a Multicomponent School Safety Approach,https://nij.ojp.gov/funding/awards/15pnij-24-gg-01055-stop,NIJ FY24 Research and Evaluation on School Safety,https://nij.ojp.gov/funding/opportunities/o-nij-2024-171992,THE URBAN INSTITUTE,DC,15PNIJ-24-GG-01055-STOP,"$1,083,944",Open
2024,Assessing Transgender Hate Crime Victimization and LGBTQ Liaison Unit Response,https://nij.ojp.gov/funding/awards/15pnij-24-gg-01915-ress,NIJ FY24 Research and Evaluation on Hate Crimes,https://nij.ojp.gov/funding/opportunities/o-nij-2024-171949,THE CNA CORPORATION,VA,15PNIJ-24-GG-01915-RESS,"$694,620",Open
2024,Attribution of tire marks via their elemental profile,https://nij.ojp.gov/funding/awards/15pnij-24-gg-03849-nijb,NIJ FY24 Research and Development in Forensic Science for Criminal Justice Purposes,https://nij.ojp.gov/funding/opportunities/o-nij-2024-171962,THE UNIVERSITY OF CENTRAL FLORIDA BOARD OF TRUSTEES,FL,15PNIJ-24-GG-03849-NIJB,"$299,344",Open
2024,"Bail, Bias and Bargaining: Investigating Racial Dynamics in Plea Negotiations across Local Court Communities",https://nij.ojp.gov/funding/awards/15pnij-24-gg-01796-ress,"NIJ FY24 Research and Evaluation on the Administration of Justice: Prosecution Practice, Justice, Case Tracking, and Workforce",https://nij.ojp.gov/funding/opportunities/o-nij-2024-171995,"UNIVERSITY OF MARYLAND, COLLEGE PARK",MD,15PNIJ-24-GG-01796-RESS,"$699,257",Open
2024,Best Practices for Forensic Laboratories Adopting Probabilistic Genotyping Systems,https://nij.ojp.gov/funding/awards/15pnij-24-gg-03877-nijb,NIJ FY24 Invited to Apply – Forensic Science for Criminal Justice Purposes Program,https://nij.ojp.gov/funding/opportunities/o-nij-2024-172241,"NOBLIS, INC.",VA,15PNIJ-24-GG-03877-NIJB,"$500,000",Open
2024,Black Box Evaluation of Hand Detail Image Comparisons,https://nij.ojp.gov/funding/awards/15pnij-24-gg-03846-nijb,NIJ FY24 Research and Development in Forensic Science for Criminal Justice Purposes,https://nij.ojp.gov/funding/opportunities/o-nij-2024-171962,"NOBLIS, INC.",VA,15PNIJ-24-GG-03846-NIJB,"$746,866",Open
2024,Building the Capacity of Community-Facing Agencies to Implement Evidence-Based Practices,https://nij.ojp.gov/funding/awards/15pnij-24-gg-02871-nijb,NIJ FY24 Evaluating Strategies to Advance the Implementation of Evidence-Based Policies and Practices,https://nij.ojp.gov/funding/opportunities/o-nij-2024-172002,THE URBAN INSTITUTE,DC,15PNIJ-24-GG-02871-NIJB,"$365,675",Open
2024,Characterizing and Preventing Domestic Terrorism: A Mixed-Methods Study of Five Far-Right Terrorist Groups,https://nij.ojp.gov/funding/awards/2020-za-cx-0003/1,NIJ FY24 Domestic Radicalization and Violent Extremism - Invited to Apply,https://nij.ojp.gov/funding/opportunities/o-nij-2024-171954,"DEVELOPMENT SERVICES GROUP, INC",MD,2020-ZA-CX-0003,"$127,590",Open
2024,Child-Friendly Visits in Jail,https://nij.ojp.gov/funding/awards/15pnij-24-gg-01570-ress,NIJ FY24 Graduate Research Fellowship,https://nij.ojp.gov/funding/opportunities/o-nij-2024-171946,UNIVERSITY OF WISCONSIN SYSTEM,WI,15PNIJ-24-GG-01570-RESS,"$119,999",Open
2024,Collaborative Strategies in Safeguarding Children: A Community-Centric Approach to Overdose Response,https://nij.ojp.gov/funding/awards/15pnij-24-gg-00752-mumu,NIJ FY24 Research on Law Enforcement Responses to Opioid Overdoses,https://nij.ojp.gov/funding/opportunities/o-nij-2024-171913,"OHIO STATE UNIVERSITY, THE",OH,15PNIJ-24-GG-00752-MUMU,"$985,527",Open
2024,Criminal Justice Technology Testing and Evaluation Center,https://nij.ojp.gov/funding/awards/15pnij-23-gk-00931-nijb/1,NIJ FY24 Invited to Apply - Criminal Justice Technology Testing and Evaluation Center,https://nij.ojp.gov/funding/opportunities/o-nij-2024-172180,RESEARCH TRIANGLE INSTITUTE,NC,15PNIJ-23-GK-00931-NIJB,"$3,150,000",Open
2024,Data-driven Prosecution Practices: Exploring the Implementation and Impact of Plea Tracking,https://nij.ojp.gov/funding/awards/15pnij-24-gg-01787-ress,"NIJ FY24 Research and Evaluation on the Administration of Justice: Prosecution Practice, Justice, Case Tracking, and Workforce",https://nij.ojp.gov/funding/opportunities/o-nij-2024-171995,RESEARCH TRIANGLE INSTITUTE,NC,15PNIJ-24-GG-01787-RESS,"$769,955",Open
2024,Defining the Properties of Osseointegrated and Ingrowth Bone Around Orthopedic Medical Devices and Their Effect on Fracture Risk in Elderly Populations:  A Forensic Anthropological Perspective,https://nij.ojp.gov/funding/awards/15pnij-24-gg-01583-ress,NIJ FY24 Graduate Research Fellowship,https://nij.ojp.gov/funding/opportunities/o-nij-2024-171946,TEXAS STATE UNIVERSITY,TX,15PNIJ-24-GG-01583-RESS,"$180,000",Open
2024,Development of double casts for the validation of three-dimensional imaging systems for firearm forensics,https://nij.ojp.gov/funding/awards/15pnij-24-gg-01553-ress,NIJ FY24 Research and Evaluation for the Testing and Interpretation of Physical Evidence in Publicly Funded Forensic Laboratories,https://nij.ojp.gov/funding/opportunities/o-nij-2024-171969,UNIVERSITY OF CENTRAL OKLAHOMA,OK,15PNIJ-24-GG-01553-RESS,"$205,090",Open
2024,"Development of new cocaine hair testing guidelines: investigation of decontamination protocols, damage/adulteration evaluation, and cosmetic treatment impact",https://nij.ojp.gov/funding/awards/15pnij-24-gg-03852-slfo,NIJ FY24 Research and Development in Forensic Science for Criminal Justice Purposes,https://nij.ojp.gov/funding/opportunities/o-nij-2024-171962,RESEARCH FOUNDATION OF THE CITY UNIVERSITY OF NEW YORK,NY,15PNIJ-24-GG-03852-SLFO,"$185,870",Open
2024,Dialogue that Works: Examining Police Communication Strategies and Citizen Compliance,https://nij.ojp.gov/funding/awards/15pnij-24-gg-05458-nijb,NIJ FY24 Field-Initiated Action Research Partnerships,https://nij.ojp.gov/funding/opportunities/o-nij-2024-172070,ARIZONA STATE UNIVERSITY,AZ,15PNIJ-24-GG-05458-NIJB,"$399,881",Open
2024,Differentiation of Hemp and Marijuana Through Ion Complexation with Copper Phosphine Complexes,https://nij.ojp.gov/funding/awards/15pnij-24-gg-03858-resd,NIJ FY24 Research and Development in Forensic Science for Criminal Justice Purposes,https://nij.ojp.gov/funding/opportunities/o-nij-2024-171962,SAM HOUSTON STATE UNIVERSITY,TX,15PNIJ-24-GG-03858-RESD,"$216,763",Open
2024,Disaggregated Estimates of the Prevalence of Trafficking in Humans (DEPTH),https://nij.ojp.gov/funding/awards/15pnij-24-gg-01747-ht,NIJ FY24 Research and Evaluation on Trafficking in Persons,https://nij.ojp.gov/funding/opportunities/o-nij-2024-171960,COLORADO MESA UNIVERSITY,CO,15PNIJ-24-GG-01747-HT,"$2,495,790",Open
2024,DNA mixture interpretation of SNP sequencing data for investigative genetic genealogy,https://nij.ojp.gov/funding/awards/15pnij-24-gg-01568-ress,NIJ FY24 Graduate Research Fellowship,https://nij.ojp.gov/funding/opportunities/o-nij-2024-171946,THE REGENTS OF THE UNIV. OF COLORADO,CO,15PNIJ-24-GG-01568-RESS,"$120,000",Open
2024,Does Training Police Officers In Brazilian Jiu-Jitsu Improve Use Of Force Outcomes? An Experimental Evaluation With Systematic Social Observation in the Colorado Springs Police Department,https://nij.ojp.gov/funding/awards/15pnij-24-gg-02567-ress,NIJ FY24 Research and Evaluation of Policing Practices,https://nij.ojp.gov/funding/opportunities/o-nij-2024-172011,POLICE EXECUTIVE RESEARCH FORUM,DC,15PNIJ-24-GG-02567-RESS,"$1,325,889",Open
2024,Droplet digital PCR: assessing the increased performance for DNA quantification in forensic science,https://nij.ojp.gov/funding/awards/15pnij-24-gg-03854-slfo,NIJ FY24 Research and Development in Forensic Science for Criminal Justice Purposes,https://nij.ojp.gov/funding/opportunities/o-nij-2024-171962,NORTH CAROLINA STATE UNIVERSITY,NC,15PNIJ-24-GG-03854-SLFO,"$422,235",Open
2024,Early Intervention for Victims of Crime: Evaluation of Skills for Psychological Recovery,https://nij.ojp.gov/funding/awards/15pnij-24-gg-01743-nonf,NIJ FY24 Research and Evaluation of Services for Victims of Crime,https://nij.ojp.gov/funding/opportunities/o-nij-2024-171964,THE MEDICAL UNIVERSITY OF SOUTH CAROLINA,SC,15PNIJ-24-GG-01743-NONF,"$741,523",Open
2024,Effects of insects and soils on the assembly of universal microbial decomposers and prediction of postmortem interval,https://nij.ojp.gov/funding/awards/15pnij-24-gg-03839-resd,NIJ FY24 Research and Development in Forensic Science for Criminal Justice Purposes,https://nij.ojp.gov/funding/opportunities/o-nij-2024-171962,COLORADO STATE UNIVERSITY,CO,15PNIJ-24-GG-03839-RESD,"$481,616",Open
2024,Enhancing Equitable Forensic Identification:  An Evaluation of Pelvic Morphology for Parity Detection and Age Estimation in Unidentified Skeletal Remains,https://nij.ojp.gov/funding/awards/15pnij-24-gg-01579-ress,NIJ FY24 Graduate Research Fellowship,https://nij.ojp.gov/funding/opportunities/o-nij-2024-171946,TEXAS STATE UNIVERSITY,TX,15PNIJ-24-GG-01579-RESS,"$180,000",Open
2024,Enhancing Risk-Need-Responsivity Implementation: An Evidence-based System for Case Management Support,https://nij.ojp.gov/funding/awards/15pnij-24-gg-02870-mumu,NIJ FY24 Evaluating Strategies to Advance the Implementation of Evidence-Based Policies and Practices,https://nij.ojp.gov/funding/opportunities/o-nij-2024-172002,UNIVERSITY OF MASSACHUSETTS MEDICAL SCHOOL,MA,15PNIJ-24-GG-02870-MUMU,"$1,445,599",Open
2024,Enhancing the evidentiary value of textile fibers with a combination of fluorescence microscopy and micro spectrophotometry,https://nij.ojp.gov/funding/awards/15pnij-24-gg-03850-nijb,NIJ FY24 Research and Development in Forensic Science for Criminal Justice Purposes,https://nij.ojp.gov/funding/opportunities/o-nij-2024-171962,THE UNIVERSITY OF CENTRAL FLORIDA BOARD OF TRUSTEES,FL,15PNIJ-24-GG-03850-NIJB,"$412,786",Open
2024,"Establishing Police-Led Science in the Wauwatosa, WI Police Department",https://nij.ojp.gov/funding/awards/15pnij-24-gg-05456-nijb,NIJ FY24 Field-Initiated Action Research Partnerships,https://nij.ojp.gov/funding/opportunities/o-nij-2024-172070,NORTHEASTERN UNIVERSITY,MA,15PNIJ-24-GG-05456-NIJB,"$398,884",Open
2024,"Evaluating the Effectiveness of a Community-led, School-based Secure Firearm Storage Campaign in Michigan",https://nij.ojp.gov/funding/awards/15pnij-24-gg-02403-stop,NIJ FY24 Research and Evaluation on Firearm Violence and Mass Shootings,https://nij.ojp.gov/funding/opportunities/o-nij-2024-171966,REGENTS OF THE UNIVERSITY OF MICHIGAN,MI,15PNIJ-24-GG-02403-STOP,"$998,907",Open
2024,Evaluating Virtual Reality Enhancements of an Evidence-based Multi-tiered Aggression & Bullying Prevention Program,https://nij.ojp.gov/funding/awards/15pnij-24-gg-01052-stop,NIJ FY24 Research and Evaluation on School Safety,https://nij.ojp.gov/funding/opportunities/o-nij-2024-171992,THE CHILDREN'S HOSPITAL OF PHILADELPHIA,PA,15PNIJ-24-GG-01052-STOP,"$2,335,668",Open
2024,"Evaluation of Community-Based Violence Intervention and Prevention Initiatives (CVIPI) in New Haven, CT",https://nij.ojp.gov/funding/awards/15pnij-24-gg-02986-cvip,NIJ FY24 Community-Based Violence Intervention and Prevention Initiative (CVIPI) Research and Evaluation,https://nij.ojp.gov/funding/opportunities/o-nij-2024-172060,"UNIVERSITY OF NEW HAVEN, INCORPORATED",CT,15PNIJ-24-GG-02986-CVIP,"$788,241",Open
2024,Evaluation of the Chattanooga United to Reduce Violence (CURV) Initiative,https://nij.ojp.gov/funding/awards/15pnij-24-gg-02985-mumu,NIJ FY24 Community-Based Violence Intervention and Prevention Initiative (CVIPI) Research and Evaluation,https://nij.ojp.gov/funding/opportunities/o-nij-2024-172060,RESEARCH TRIANGLE INSTITUTE,NC,15PNIJ-24-GG-02985-MUMU,"$998,491",Open
2024,Evaluation of the Kings Against Violence Initiative's (KAVI) Hospital-Based Violence Intervention Program (HVIP),https://nij.ojp.gov/funding/awards/15pnij-24-gg-01745-nonf,NIJ FY24 Research and Evaluation of Services for Victims of Crime,https://nij.ojp.gov/funding/opportunities/o-nij-2024-171964,MDRC,NY,15PNIJ-24-GG-01745-NONF,"$1,105,591",Open
2024,Expansion of University of South Florida's BRIGHT Project to Combat Human Trafficking,https://nij.ojp.gov/funding/awards/15pnij-24-gg-00120-brnd,NIJ FY24 Invited to Apply - Byrne Discretionary Community Project Grants/Byrne Discretionary Grants Program,https://nij.ojp.gov/funding/opportunities/o-nij-2024-172109,UNIVERSITY OF SOUTH FLORIDA,FL,15PNIJ-24-GG-00120-BRND,"$1,850,000",Open
2024,Expert Algorithm to Identify Seized Drugs from Tandem Mass Spectra,https://nij.ojp.gov/funding/awards/15pnij-24-gg-03856-ress,NIJ FY24 Research and Development in Forensic Science for Criminal Justice Purposes,https://nij.ojp.gov/funding/opportunities/o-nij-2024-171962,WEST VIRGINIA UNIVERSITY RESEARCH CORPORATION,WV,15PNIJ-24-GG-03856-RESS,"$399,300",Open
2024,"Exploring the Intersection of Human Trafficking, Drug Trafficking, and Other Criminal Activity in the United States",https://nij.ojp.gov/funding/awards/15pnij-24-gg-01904-ress,"NIJ FY24 Research and Evaluation on Drugs and Crime: Money Laundering, Firearms, and Human Trafficking",https://nij.ojp.gov/funding/opportunities/o-nij-2024-171990,NATIONAL OPINION RESEARCH CENTER,IL,15PNIJ-24-GG-01904-RESS,"$649,895",Open
2024,Exploring the Nexus of Human Trafficking and Drug Trafficking in a Border County,https://nij.ojp.gov/funding/awards/15pnij-24-gg-01907-ress,"NIJ FY24 Research and Evaluation on Drugs and Crime: Money Laundering, Firearms, and Human Trafficking",https://nij.ojp.gov/funding/opportunities/o-nij-2024-171990,UNIVERSITY OF MASSACHUSETTS LOWELL,MA,15PNIJ-24-GG-01907-RESS,"$649,732",Open
2024,Facility Exposure and Crime in New York City Streets: A Latent Profile Analysis Approach,https://nij.ojp.gov/funding/awards/15pnij-24-gg-01566-ress,NIJ FY24 Graduate Research Fellowship,https://nij.ojp.gov/funding/opportunities/o-nij-2024-171946,RESEARCH FOUNDATION OF THE CITY UNIVERSITY OF NEW YORK,NY,15PNIJ-24-GG-01566-RESS,"$37,158",Open
2024,"FBI Subaward to the NIST project ""Identifying Class and Individual Characteristics of Printer Marks on Additively Manufactured Firearm Components""",https://nij.ojp.gov/funding/awards/grant14110035-b,NIJ FY24 Research and Development in Forensic Science for Criminal Justice Purposes,https://nij.ojp.gov/funding/opportunities/o-nij-2024-171962,Federal Bureau of Investigation,,GRANT14110035-B,"$130,000",Open
2024,FIU - Forensic Technology Center of Excellence,https://nij.ojp.gov/funding/awards/15pnij-21-gk-02191-ress/3,NIJ FY24 Invited to Apply - Forensic Technology Center of Excellence (FTCOE),https://nij.ojp.gov/funding/opportunities/o-nij-2024-172240,FLORIDA INTERNATIONAL UNIVERSITY,FL,15PNIJ-21-GK-02191-RESS,"$350,000",Open
2024,"Forensic Technology Center of Excellence, Fiscal Year 2021",https://nij.ojp.gov/funding/awards/15pnij-21-gk-02192-mumu/3,NIJ FY24 Invited to Apply - Forensic Technology Center of Excellence (FTCOE),https://nij.ojp.gov/funding/opportunities/o-nij-2024-172240,RESEARCH TRIANGLE INSTITUTE,NC,15PNIJ-21-GK-02192-MUMU,"$2,250,000",Open
2024,Fraud Narratives: The ecology of skepticism towards Latino immigrants,https://nij.ojp.gov/funding/awards/15pnij-24-gg-01581-ress,NIJ FY24 Graduate Research Fellowship,https://nij.ojp.gov/funding/opportunities/o-nij-2024-171946,UNIVERSITY OF CALIFORNIA IRVINE,CA,15PNIJ-24-GG-01581-RESS,"$120,000",Open
2024,"Funding Support for the Operations of the Committee on Law and Justice of the National Academies of Sciences, Engineering, and Medicine",https://nij.ojp.gov/funding/awards/15pnij-23-gg-03573-nijb/1,"NIJ FY24 Invited to Apply - Funding for Support for the Operations of the Committee on Law and Justice of the National Academies of Sciences, Engineering and Medicine",https://nij.ojp.gov/funding/opportunities/o-nij-2024-172212,NATIONAL ACADEMY OF SCIENCES,DC,15PNIJ-23-GG-03573-NIJB,"$500,000",Open
2024,FUSE: Fast Unbiased Small-area Estimation for Timely Measurement of Community Perceptions of Policing and Public Safety,https://nij.ojp.gov/funding/awards/15pnij-24-gg-02841-ress,NIJ FY24 Measurement of Community Perceptions,https://nij.ojp.gov/funding/opportunities/o-nij-2024-171984,IOWA STATE UNIVERSITY OF SCIENCE AND TECHNOLOGY,IA,15PNIJ-24-GG-02841-RESS,"$499,658",Open
2024,Guiding Interpretation: Leveraging High-Density SNP Data from Major U.S. Populations for Forensic Genetic Analyses,https://nij.ojp.gov/funding/awards/djo-nij-25-ro-0002,NIJ FY24 Research and Development in Forensic Science for Criminal Justice Purposes,https://nij.ojp.gov/funding/opportunities/o-nij-2024-171962,Armed Forces DNA Identification Laboratory,,DJO-NIJ-25-RO-0002,"$990,468",Open
2024,Harnessing Artificial Intelligence to Evaluate Microscopic Characteristics of Skeletal Trauma,https://nij.ojp.gov/funding/awards/15pnij-24-gg-03844-mumu,NIJ FY24 Research and Development in Forensic Science for Criminal Justice Purposes,https://nij.ojp.gov/funding/opportunities/o-nij-2024-171962,MAYO CLINIC ARIZONA,AZ,15PNIJ-24-GG-03844-MUMU,"$691,362",Open
2024,"Heal Our Youth: A Mixed Methods, Hybrid Effectiveness Implementation Trial for Reducing Community Violence Among Youth in Limited-Opportunity Settings",https://nij.ojp.gov/funding/awards/15pnij-24-gg-02987-cvip,NIJ FY24 Community-Based Violence Intervention and Prevention Initiative (CVIPI) Research and Evaluation,https://nij.ojp.gov/funding/opportunities/o-nij-2024-172060,"MOSES-WEITZMAN HEALTH SYSTEM, INC.",CT,15PNIJ-24-GG-02987-CVIP,"$1,000,000",Open
2024,How to Free a Butterfly: The Impact of Fair Chance Housing Ordinances on the Housing Outcome of System-Impacted Black Individuals,https://nij.ojp.gov/funding/awards/15pnij-24-gg-01575-ress,NIJ FY24 Graduate Research Fellowship,https://nij.ojp.gov/funding/opportunities/o-nij-2024-171946,"UNIVERSITY OF CALIFORNIA, LOS ANGELES",CA,15PNIJ-24-GG-01575-RESS,"$47,052",Open
2024,Human Trafficking Data Project,https://nij.ojp.gov/funding/awards/15pnij-24-gg-00121-brnd,NIJ FY24 Invited to Apply - Byrne Discretionary Community Project Grants/Byrne Discretionary Grants Program,https://nij.ojp.gov/funding/opportunities/o-nij-2024-172109,UNIVERSITY OF SOUTH FLORIDA,FL,15PNIJ-24-GG-00121-BRND,"$963,000",Open
2024,Identifying and Treating Overdose Hotspots:  A Randomized Controlled Trial of Place-Based Harm Reduction Strategies,https://nij.ojp.gov/funding/awards/15pnij-24-gg-05454-nijb,NIJ FY24 Field-Initiated Action Research Partnerships,https://nij.ojp.gov/funding/opportunities/o-nij-2024-172070,CINCINNATI UNIV OF,OH,15PNIJ-24-GG-05454-NIJB,"$356,130",Open
2024,Identifying Class and Individual Characteristics of Printer Marks on Additively Manufactured Firearm Components,https://nij.ojp.gov/funding/awards/djo-nij-25-ro-0001,NIJ FY24 Research and Development in Forensic Science for Criminal Justice Purposes,https://nij.ojp.gov/funding/opportunities/o-nij-2024-171962,National Institute of Standards and Technology,,DJO-NIJ-25-RO-0001,"$389,657",Open
2024,"Impact and Outcomes of a Hospital-Based Violence Intervention Program in Columbia, SC",https://nij.ojp.gov/funding/awards/15pnij-24-gk-02988-cvip,NIJ FY24 Community-Based Violence Intervention and Prevention Initiative (CVIPI) Research and Evaluation,https://nij.ojp.gov/funding/opportunities/o-nij-2024-172060,UNIVERSITY OF SOUTH CAROLINA,SC,15PNIJ-24-GK-02988-CVIP,"$1,064,927",Open
2024,Improving Fire Pattern Analysis Using Non-Invasive Sensor Technologies,https://nij.ojp.gov/funding/awards/15pnij-24-gg-03845-ress,NIJ FY24 Research and Development in Forensic Science for Criminal Justice Purposes,https://nij.ojp.gov/funding/opportunities/o-nij-2024-171962,JENSEN HUGHES INC,MD,15PNIJ-24-GG-03845-RESS,"$630,560",Open
2024,"Improving Measurement of Community Safety Perceptions with Enhanced Data Inclusivity and Novel Use of Small Area Estimation through Respondent Driven Sampling: A Pilot Study in Detroit, Michigan",https://nij.ojp.gov/funding/awards/15pnij-24-gg-02843-ress,NIJ FY24 Measurement of Community Perceptions,https://nij.ojp.gov/funding/opportunities/o-nij-2024-171984,REGENTS OF THE UNIVERSITY OF MICHIGAN,MI,15PNIJ-24-GG-02843-RESS,"$999,999",Open
2024,Improving police-public relationships through intergroup contact: A mixed-methods evaluation of the Voices communication intervention,https://nij.ojp.gov/funding/awards/15pnij-24-gg-01576-ress,NIJ FY24 Graduate Research Fellowship,https://nij.ojp.gov/funding/opportunities/o-nij-2024-171946,"UNIVERSITY OF CALIFORNIA, SANTA BARBARA",CA,15PNIJ-24-GG-01576-RESS,"$180,000",Open
2024,Improving the Data Interpretation Process in Forensic Fire Debris Analysis,https://nij.ojp.gov/funding/awards/15pnij-24-gg-03847-nijb,NIJ FY24 Research and Development in Forensic Science for Criminal Justice Purposes,https://nij.ojp.gov/funding/opportunities/o-nij-2024-171962,MARSHALL UNIVERSITY RESEARCH CORPORATION,WV,15PNIJ-24-GG-03847-NIJB,"$179,968",Past Project Period End Date
2024,Improving the Systems Response to Victims of Human Trafficking with Substance Use Disorders in Minnesota,https://nij.ojp.gov/funding/awards/15pnij-24-gg-05452-nijb,NIJ FY24 Field-Initiated Action Research Partnerships,https://nij.ojp.gov/funding/opportunities/o-nij-2024-172070,RESEARCH TRIANGLE INSTITUTE,NC,15PNIJ-24-GG-05452-NIJB,"$399,969",Open
2024,Incentivized Informants and Wrongful Convictions: Understanding the Risks and Mitigating the Effects,https://nij.ojp.gov/funding/awards/15pnij-24-gk-03091-mumu,NIJ FY24 W.E.B. Du Bois Program of Research on Reducing Racial and Ethnic Disparities in the Justice System,https://nij.ojp.gov/funding/opportunities/o-nij-2024-172018,LIFE AFTER JUSTICE,IL,15PNIJ-24-GK-03091-MUMU,"$1,133,976",Open
2024,Infusing Evidence into Police Reform: Field Initiated Action Research with the Louisville Metro Police Department,https://nij.ojp.gov/funding/awards/15pnij-24-gg-05460-nijb,NIJ FY24 Field-Initiated Action Research Partnerships,https://nij.ojp.gov/funding/opportunities/o-nij-2024-172070,"OHIO STATE UNIVERSITY, THE",OH,15PNIJ-24-GG-05460-NIJB,"$403,512",Open
2024,Intelligence-Led Policing in New Jersey: Data Integration to Support the Investigation of Gun Crimes,https://nij.ojp.gov/funding/awards/15pnij-24-gg-02572-ress,NIJ FY24 Research and Evaluation of Policing Practices,https://nij.ojp.gov/funding/opportunities/o-nij-2024-172011,NORTHEASTERN UNIVERSITY,MA,15PNIJ-24-GG-02572-RESS,"$877,946",Open
2024,Intergenerational Legal System Involvement Among Juvenile Justice-Involved Females and Their Offspring: Opportunities for Prevention,https://nij.ojp.gov/funding/awards/15pnij-24-gg-00871-titl,NIJ FY24 Longitudinal Research on Delinquency and Crime,https://nij.ojp.gov/funding/opportunities/o-nij-2024-171957,IOWA STATE UNIVERSITY OF SCIENCE AND TECHNOLOGY,IA,15PNIJ-24-GG-00871-TITL,"$1,001,902",Open
2024,Investigations Toward Development of a Technique for Rapid Identification of Forensically Relevant Necrophagous Beetle Species for Postmortem Interval Determination,https://nij.ojp.gov/funding/awards/15pnij-24-gg-01567-ress,NIJ FY24 Graduate Research Fellowship,https://nij.ojp.gov/funding/opportunities/o-nij-2024-171946,"RESEARCH FOUNDATION FOR THE STATE UNIVERSITY OF NEW YORK, THE",NY,15PNIJ-24-GG-01567-RESS,"$111,822",Open
2024,Jury Deliberations of Child Witnesses with Autism Spectrum Disorder,https://nij.ojp.gov/funding/awards/15pnij-24-gg-01572-ress,NIJ FY24 Graduate Research Fellowship,https://nij.ojp.gov/funding/opportunities/o-nij-2024-171946,THE UNIVERSITY OF TEXAS AT SAN ANTONIO,TX,15PNIJ-24-GG-01572-RESS,"$180,000",Open
2024,Lead by Example: The Effects of Police Supervisors on Officer Behavior,https://nij.ojp.gov/funding/awards/15pnij-24-gg-01582-ress,NIJ FY24 Graduate Research Fellowship,https://nij.ojp.gov/funding/opportunities/o-nij-2024-171946,UNIVERSITY OF ARIZONA,AZ,15PNIJ-24-GG-01582-RESS,"$39,499",Open
2024,Learning from an Implementation and Outcome Evaluation of the Colorado Threat Assessment and Management Protocol,https://nij.ojp.gov/funding/awards/15pnij-24-gg-01049-mumu,NIJ FY24 Research and Evaluation on School Safety,https://nij.ojp.gov/funding/opportunities/o-nij-2024-171992,THE REGENTS OF THE UNIVERSITY OF COLORADO,CO,15PNIJ-24-GG-01049-MUMU,"$1,199,320",Open
2024,Leisure Risk for Youth on Probation: How it Relates to Recidivism and How Probation Officers Address it in Case Planning,https://nij.ojp.gov/funding/awards/15pnij-24-gg-01574-ress,NIJ FY24 Graduate Research Fellowship,https://nij.ojp.gov/funding/opportunities/o-nij-2024-171946,DREXEL UNIVERSITY,PA,15PNIJ-24-GG-01574-RESS,"$86,385",Open
2024,"Mass Shooter Leakage and Threats: A Multifaceted Assessment of Motives, Timing, Digital Behavior, and Opportunities for Attack Prevention",https://nij.ojp.gov/funding/awards/15pnij-24-gg-02405-ress,NIJ FY24 Research and Evaluation on Firearm Violence and Mass Shootings,https://nij.ojp.gov/funding/opportunities/o-nij-2024-171966,WILLIAM PATERSON UNIVERSITY OF NEW JERSEY,NJ,15PNIJ-24-GG-02405-RESS,"$523,900",Open
2024,"More than a 'McJob': Criminal records, education, and access to middle-skill jobs",https://nij.ojp.gov/funding/awards/15pnij-24-gg-01577-ress,NIJ FY24 Graduate Research Fellowship,https://nij.ojp.gov/funding/opportunities/o-nij-2024-171946,NORTHEASTERN UNIVERSITY,MA,15PNIJ-24-GG-01577-RESS,"$25,322",Open
2024,"MOSAIC: Unifying Methods of Sex, Stature, Affinity, & Age for Identification through Computational Standardization",https://nij.ojp.gov/funding/awards/15pnij-24-gg-03840-nijb,NIJ FY24 Research and Development in Forensic Science for Criminal Justice Purposes,https://nij.ojp.gov/funding/opportunities/o-nij-2024-171962,MICHIGAN STATE UNIVERSITY,MI,15PNIJ-24-GG-03840-NIJB,"$2,062,069",Open
2024,"Multi-level, Mixed Methods Evaluation of Elm City COMPASS: A Comprehensive Approach to 911 Crisis Response",https://nij.ojp.gov/funding/awards/15pnij-24-gg-01556-ress,"NIJ FY24 Research and Evaluation on 911, Alternative Hotlines, and Alternative Responder Models",https://nij.ojp.gov/funding/opportunities/o-nij-2024-171981,YALE UNIV,CT,15PNIJ-24-GG-01556-RESS,"$544,042",Open
2024,Nanoparticle-Decorated Micropillars As Integrated Raman Spectroscopy and Mass Spectrometry Substrates for Quantitative and High-Throughput Toxicology Drug Analysis,https://nij.ojp.gov/funding/awards/15pnij-23-gg-04235-ress/1,NIJ FY24 Invited to Apply – Forensic Science for Criminal Justice Purposes Program,https://nij.ojp.gov/funding/opportunities/o-nij-2024-172241,TRUSTEES OF INDIANA UNIVERSITY,IN,15PNIJ-23-GG-04235-RESS,"$347,330",Open
2024,National Juvenile Court Data Archive,https://nij.ojp.gov/funding/awards/15pnij-24-gg-00751-titl,NIJ FY24 National Juvenile Court Data Archive,https://nij.ojp.gov/funding/opportunities/o-nij-2024-171947,NATIONAL COUNCIL OF JUVENILE AND FAMILY COURT JUDGES,NV,15PNIJ-24-GG-00751-TITL,"$2,000,000",Open
2024,NIJ FY24 Domestic Radicalization and Violent Extremism Research Center of Excellence,https://nij.ojp.gov/funding/awards/15pnij-24-gk-00750-domr,NIJ FY24 Domestic Radicalization and Violent Extremism Research Center of Excellence,https://nij.ojp.gov/funding/opportunities/o-nij-2024-171923,THE CNA CORPORATION,VA,15PNIJ-24-GK-00750-DOMR,"$6,998,958",Open
2024,NIJ LEADS,https://nij.ojp.gov/funding/awards/15pnij-23-gk-04221-nijb/1,,,NATIONAL POLICING INSTITUTE,VA,15PNIJ-23-GK-04221-NIJB,"$1,000,000",Open
2024,Non-Contact Detection of Fentanyl and Other Opioids: Towards a Generalized Approach to Detection of Dangerous Drug Classes,https://nij.ojp.gov/funding/awards/grant14119305,NIJ FY24 Research and Development in Forensic Science for Criminal Justice Purposes,https://nij.ojp.gov/funding/opportunities/o-nij-2024-171962,Naval Research Laboratory,,GRANT14119305,"$624,483",Open
2024,"Novel Psychoactive Substance Discovery, Education, and Reporting Institute",https://nij.ojp.gov/funding/awards/15pnij-24-gk-00981-coap,"NIJ FY24 Novel Psychoactive Substance Discovery, Education, and Reporting Institute",https://nij.ojp.gov/funding/opportunities/o-nij-2024-172007,THE FREDRIC RIEDERS FAMILY RENAISSANCE FOUNDATION,PA,15PNIJ-24-GK-00981-COAP,"$2,000,000",Open
2024,On the reliability of the forensic examination of electrical tapes and the influence of alteration sources encountered in casework,https://nij.ojp.gov/funding/awards/15pnij-24-gg-03853-resd,NIJ FY24 Research and Development in Forensic Science for Criminal Justice Purposes,https://nij.ojp.gov/funding/opportunities/o-nij-2024-171962,SAM HOUSTON STATE UNIVERSITY,TX,15PNIJ-24-GG-03853-RESD,"$216,195",Open
2024,Persistence and Desistance across Generations: A Longitudinal Investigation,https://nij.ojp.gov/funding/awards/15pnij-24-gg-00872-mumu,NIJ FY24 Longitudinal Research on Delinquency and Crime,https://nij.ojp.gov/funding/opportunities/o-nij-2024-171957,BOWLING GREEN STATE UNIVERSITY,OH,15PNIJ-24-GG-00872-MUMU,"$971,369",Open
2024,PRIPARE: Parole and Reduced Incarceration for People thru Access to Re-Entry,https://nij.ojp.gov/funding/awards/15pnij-24-gg-05446-nijb,NIJ FY24 Field-Initiated Action Research Partnerships,https://nij.ojp.gov/funding/opportunities/o-nij-2024-172070,UNIVERSITY OF NEW MEXICO,NM,15PNIJ-24-GG-05446-NIJB,"$400,000",Open
2024,"Procedural and Structural Justice Through Causal Understanding, Component Decoupling, and Relation Characterization",https://nij.ojp.gov/funding/awards/15pnij-24-gg-01565-ress,NIJ FY24 Graduate Research Fellowship,https://nij.ojp.gov/funding/opportunities/o-nij-2024-171946,CARNEGIE MELLON UNIVERSITY,PA,15PNIJ-24-GG-01565-RESS,"$60,000",Open
2024,"Quantitative Evaluation of Hemp-Derived Vape Products for Accurate Labeling, Identification of Unknowns, and Stability",https://nij.ojp.gov/funding/awards/djo-nij-25-ro-0003,NIJ FY24 Research and Development in Forensic Science for Criminal Justice Purposes,https://nij.ojp.gov/funding/opportunities/o-nij-2024-171962,National Institute of Standards and Technology,,DJO-NIJ-25-RO-0003,"$300,000",Open
2024,Quasi-experimental evaluation of contraband interdiction technologies,https://nij.ojp.gov/funding/awards/15pnij-24-gg-01091-fsax,NIJ FY24 Research and Evaluation on Corrections,https://nij.ojp.gov/funding/opportunities/o-nij-2024-171970,THE URBAN INSTITUTE,DC,15PNIJ-24-GG-01091-FSAX,"$849,383",Open
2024,Randomized Controlled Study of the EMPOWER Program to Prevent Abuse and Financial Exploitation of Older Adults,https://nij.ojp.gov/funding/awards/15pnij-24-gg-01910-mumu,"NIJ FY24 Research on the Abuse, Neglect, and Financial Exploitation of Older Adults",https://nij.ojp.gov/funding/opportunities/o-nij-2024-171942,THE URBAN INSTITUTE,DC,15PNIJ-24-GG-01910-MUMU,"$1,739,447",Open
2024,Reducing Collateral Consequences with Records Relief: Organizational Readiness for Implementing Strategies in State Courts,https://nij.ojp.gov/funding/awards/15pnij-24-gg-02869-nijb,NIJ FY24 Evaluating Strategies to Advance the Implementation of Evidence-Based Policies and Practices,https://nij.ojp.gov/funding/opportunities/o-nij-2024-172002,NATIONAL CENTER FOR STATE COURTS,VA,15PNIJ-24-GG-02869-NIJB,"$422,100",Open
2024,REFRAME: Research and Evaluation Framework for Reducing hArm and Measuring the Effectiveness of CVIPI Strategies,https://nij.ojp.gov/funding/awards/15pnij-24-gg-02984-cvip,NIJ FY24 Community-Based Violence Intervention and Prevention Initiative (CVIPI) Research and Evaluation,https://nij.ojp.gov/funding/opportunities/o-nij-2024-172060,"UNIVERSITY OF CALIFORNIA, DAVIS",CA,15PNIJ-24-GG-02984-CVIP,"$1,642,305",Open
2024,Research and Development for the Creation of Validated Protocols for the Forensic Detection and Quantification of Psilocybin and Psilocin in Complex Edible Matrices,https://nij.ojp.gov/funding/awards/15pnij-24-gg-03848-mumu,NIJ FY24 Research and Development in Forensic Science for Criminal Justice Purposes,https://nij.ojp.gov/funding/opportunities/o-nij-2024-171962,"RESEARCH FOUNDATION FOR THE STATE UNIVERSITY OF NEW YORK, THE",NY,15PNIJ-24-GG-03848-MUMU,"$781,087",Open
2024,Research and Development of an Approach for Non-invasive Determination of Cannabis Ingestion for Forensic Science Purposes,https://nij.ojp.gov/funding/awards/15pnij-23-gg-04236-ress/1,NIJ FY24 Invited to Apply – Forensic Science for Criminal Justice Purposes Program,https://nij.ojp.gov/funding/opportunities/o-nij-2024-172241,"RESEARCH FOUNDATION FOR THE STATE UNIVERSITY OF NEW YORK, THE",NY,15PNIJ-23-GG-04236-RESS,"$407,064",Open
2024,"Research, Evaluation, and Analysis of Call Handling on Three-Digit Hotlines (REACH-3D)",https://nij.ojp.gov/funding/awards/15pnij-24-gg-01559-ress,"NIJ FY24 Research and Evaluation on 911, Alternative Hotlines, and Alternative Responder Models",https://nij.ojp.gov/funding/opportunities/o-nij-2024-171981,UNIVERSITY OF CHICAGO,IL,15PNIJ-24-GG-01559-RESS,"$935,000",Open
2024,Safe Transitions for Teens,https://nij.ojp.gov/funding/awards/15pnij-24-ag-00117-reva,NIJ FY24 Invited to Apply – Safe Transitions for Teens: Assessing the Impact of Intimate Partner Transitional Housing on Adolescent Residents Study,https://nij.ojp.gov/funding/opportunities/o-nij-2024-172130,UNIVERSITY OF TEXAS HEALTH SCIENCE CENTER AT HOUSTON,TX,15PNIJ-24-AG-00117-REVA,"$842,337",Open
2024,Schoolhouse interrogations and confessions: Perspectives from principals and students,https://nij.ojp.gov/funding/awards/15pnij-24-gg-01564-ress,NIJ FY24 Graduate Research Fellowship,https://nij.ojp.gov/funding/opportunities/o-nij-2024-171946,GEORGE MASON UNIVERSITY,VA,15PNIJ-24-GG-01564-RESS,"$120,741",Open
2024,"Secretariat for ISO/IEC JTC 1/SC 37, Biometrics",https://nij.ojp.gov/funding/awards/15pnij-21-gg-00662-ress/3,NIJ FY24 Invited to Apply - Operation of the Secretariat of SC 37 under JTC 1 of ISO/IEC,https://nij.ojp.gov/funding/opportunities/o-nij-2024-172192,AMERICAN NATIONAL STANDARDS INSTITUTE INCORPORATED,DC,15PNIJ-21-GG-00662-RESS,"$60,000",Open
2024,Semi-empirical Kinetics Model for Fingerprint Aging,https://nij.ojp.gov/funding/awards/15pnij-24-gg-03855-mumu,NIJ FY24 Research and Development in Forensic Science for Criminal Justice Purposes,https://nij.ojp.gov/funding/opportunities/o-nij-2024-171962,IOWA STATE UNIVERSITY OF SCIENCE AND TECHNOLOGY,IA,15PNIJ-24-GG-03855-MUMU,"$399,437",Open
2024,Spatial analysis of social vulnerability and crime disparities through interpretable machine learning,https://nij.ojp.gov/funding/awards/15pnij-24-gg-01573-ress,NIJ FY24 Graduate Research Fellowship,https://nij.ojp.gov/funding/opportunities/o-nij-2024-171946,UNIVERSITY OF ILLINOIS,IL,15PNIJ-24-GG-01573-RESS,"$180,000",Open
2024,Statistical Foundations of Score-Based Methods in Forensic Identification of Source Problems”,https://nij.ojp.gov/funding/awards/15pnij-23-gg-04232-mumu/1,NIJ FY24 Invited to Apply – Forensic Science for Criminal Justice Purposes Program,https://nij.ojp.gov/funding/opportunities/o-nij-2024-172241,SOUTH DAKOTA STATE UNIVERSITY,SD,15PNIJ-23-GG-04232-MUMU,"$303,714",Open
2024,Strengthening Understanding of Peer Programs to Optimize Resources & Training (SUPPORT): Identifying critical elements of police peer support across career stages,https://nij.ojp.gov/funding/awards/15pnij-24-gg-02564-mumu,NIJ FY24 Research and Evaluation of Policing Practices,https://nij.ojp.gov/funding/opportunities/o-nij-2024-172011,RESEARCH TRIANGLE INSTITUTE,NC,15PNIJ-24-GG-02564-MUMU,"$1,167,336",Open
2024,The Consequences and Impacts of Hate Crime and Post-Victimization Experiences: The Longitudinal Hate Crime Victimization Survey (LHCVS),https://nij.ojp.gov/funding/awards/15pnij-24-gg-01917-ress,NIJ FY24 Research and Evaluation on Hate Crimes,https://nij.ojp.gov/funding/opportunities/o-nij-2024-171949,FLORIDA STATE UNIVERSITY,FL,15PNIJ-24-GG-01917-RESS,"$942,512",Open
2024,The Development of a Peer Advocacy Intervention for Survivors whose Partners are in Relationship Violence Intervention Programs.,https://nij.ojp.gov/funding/awards/15pnij-24-gg-00986-reva,NIJ FY24 Research and Evaluation on Violence Against Women,https://nij.ojp.gov/funding/opportunities/o-nij-2024-171963,UNIVERSITY OF MARYLAND BALTIMORE COUNTY,MD,15PNIJ-24-GG-00986-REVA,"$838,966",Open
2024,"The Ecology of Resilience: Examining Impacts of Service Engagement, Facility Safety, and Trauma History on Positive Life Trajectories in Justice-Involved Youth",https://nij.ojp.gov/funding/awards/15pnij-24-gg-01580-ress,NIJ FY24 Graduate Research Fellowship,https://nij.ojp.gov/funding/opportunities/o-nij-2024-171946,UNIVERSITY OF UTAH,UT,15PNIJ-24-GG-01580-RESS,"$88,304",Open
2024,The Impact of Processing and Sampling Procedures on the Integrity of Forensically Relevant Biomolecules in Bones,https://nij.ojp.gov/funding/awards/15pnij-24-gg-03841-slfo,NIJ FY24 Research and Development in Forensic Science for Criminal Justice Purposes,https://nij.ojp.gov/funding/opportunities/o-nij-2024-171962,SAM HOUSTON STATE UNIVERSITY,TX,15PNIJ-24-GG-03841-SLFO,"$823,669",Open
2024,The Impacts of School Security Equipment on Students and Schools,https://nij.ojp.gov/funding/awards/15pnij-24-gg-01048-stop,NIJ FY24 Research and Evaluation on School Safety,https://nij.ojp.gov/funding/opportunities/o-nij-2024-171992,GEORGE MASON UNIVERSITY,VA,15PNIJ-24-GG-01048-STOP,"$1,706,788",Open
2024,The potential of hybridization capture to permit species identification in challenging leathers,https://nij.ojp.gov/funding/awards/15pnij-24-gg-01549-mumu,NIJ FY24 Research and Evaluation for the Testing and Interpretation of Physical Evidence in Publicly Funded Forensic Laboratories,https://nij.ojp.gov/funding/opportunities/o-nij-2024-171969,NORTH CAROLINA STATE UNIVERSITY,NC,15PNIJ-24-GG-01549-MUMU,"$232,857",Open
2024,"The relationship between participation in structured activities and health, safety and quality of life outcomes for prison residents and staff",https://nij.ojp.gov/funding/awards/15pnij-24-gg-01087-fsax,NIJ FY24 Research and Evaluation on Corrections,https://nij.ojp.gov/funding/opportunities/o-nij-2024-171970,THE CNA CORPORATION,VA,15PNIJ-24-GG-01087-FSAX,"$898,792",Open
2024,Understanding and Evaluating Police Bias Crime Unit Practice and Impact,https://nij.ojp.gov/funding/awards/15pnij-24-gg-01913-ress,NIJ FY24 Research and Evaluation on Hate Crimes,https://nij.ojp.gov/funding/opportunities/o-nij-2024-171949,RESEARCH TRIANGLE INSTITUTE,NC,15PNIJ-24-GG-01913-RESS,"$908,415",Open
2024,Unwinding the Impact of Body Worn Camera Evidence on Prosecutor Workload,https://nij.ojp.gov/funding/awards/15pnij-24-gg-01793-ress,"NIJ FY24 Research and Evaluation on the Administration of Justice: Prosecution Practice, Justice, Case Tracking, and Workforce",https://nij.ojp.gov/funding/opportunities/o-nij-2024-171995,THE JUSTICE MANAGEMENT INSTITUTE,VA,15PNIJ-24-GG-01793-RESS,"$612,685",Open
2024,Validating the ASB 122: Best Practice Recommendation for Performing Alcohol Calculations in Forensic Toxicology,https://nij.ojp.gov/funding/awards/15pnij-24-gg-01546-ress,NIJ FY24 Research and Evaluation for the Testing and Interpretation of Physical Evidence in Publicly Funded Forensic Laboratories,https://nij.ojp.gov/funding/opportunities/o-nij-2024-171969,VIRGINIA COMMONWEALTH UNIVERSITY,VA,15PNIJ-24-GG-01546-RESS,"$676,376",Open
2024,What about us? Formative evaluation of forensic nursing program delivery of intimate partner violence medical forensic examinations,https://nij.ojp.gov/funding/awards/15pnij-24-gg-01741-nonf,NIJ FY24 Research and Evaluation of Services for Victims of Crime,https://nij.ojp.gov/funding/opportunities/o-nij-2024-171964,UNIVERSITY OF UTAH,UT,15PNIJ-24-GG-01741-NONF,"$575,200",Open
2023,"""Examining the Effects of Back-End Release Discretion on Prison Populations and Length of Stay: A State-by-State Analysis""",https://nij.ojp.gov/funding/awards/15pnij-23-gg-04240-ress,NIJ FY23 Research and Evaluation on Sentencing and Resentencing,https://nij.ojp.gov/funding/opportunities/o-nij-2023-171637,REGENTS OF THE UNIVERSITY OF MINNESOTA,MN,15PNIJ-23-GG-04240-RESS,"$335,595",Open
2023,"21st Century Criminal Defense Practice: An Examination of the Impact of Holistic Defense in Wayne County, Michigan",https://nij.ojp.gov/funding/awards/15pnij-23-gg-02235-ress,NIJ FY23 Research and Evaluation on the Administration of Justice: Advancing Access to Justice 60 Years after Gideon,https://nij.ojp.gov/funding/opportunities/o-nij-2023-171579,JUSTICE INNOVATION INC.,NY,15PNIJ-23-GG-02235-RESS,"$829,358",Open
2023,"911, What's Your Emergency?: Factors Impacting Call Coding",https://nij.ojp.gov/funding/awards/15pnij-23-gg-01367-nijb,NIJ FY23 W.E.B. Du Bois Program of Research on Reducing Racial and Ethnic Disparities in the Justice System,https://nij.ojp.gov/funding/opportunities/o-nij-2023-171519,UNIVERSITY OF CHICAGO,IL,15PNIJ-23-GG-01367-NIJB,"$500,000",Open
2023,A 28-year longitudinal study of victimization and perpetration of violence in high-risk youth: Advancing the development of preventive interventions in the community,https://nij.ojp.gov/funding/awards/15pnij-23-gg-04269-cvip,"NIJ FY23 Community-Based Violence Intervention and Prevention Initiative (CVIPI) Research, Evaluation, and Associated Training & Technical Assistance Support",https://nij.ojp.gov/funding/opportunities/o-nij-2023-171648,NORTHWESTERN UNIVERSITY,IL,15PNIJ-23-GG-04269-CVIP,"$1,000,000",Open
2023,A Frame Analysis of Violence and Accelerationism in Cognitive Radicalization,https://nij.ojp.gov/funding/awards/15pnij-23-gg-01382-domr,NIJ FY23 Research and Evaluation on Domestic Radicalization and Violent Extremism,https://nij.ojp.gov/funding/opportunities/o-nij-2023-171569,YOUNGSTOWN STATE UNIVERSITY,OH,15PNIJ-23-GG-01382-DOMR,"$449,897",Open
2023,A longitudinal cohort mixed methods study of the impact of mental health on retention and turnover among early career police officers in South Carolina,https://nij.ojp.gov/funding/awards/15pnij-23-gg-05499-ress,"NIJ FY23 Research and Evaluation on Policing Practices, Accountability Mechanisms, and Alternatives",https://nij.ojp.gov/funding/opportunities/o-nij-2023-171675,UNIVERSITY OF SOUTH CAROLINA,SC,15PNIJ-23-GG-05499-RESS,"$1,000,000",Open
2023,A Micro-and Macro Evaluation of the Effectiveness of Extreme Risk Protection Orders in Colorado,https://nij.ojp.gov/funding/awards/15pnij-23-gg-02401-mumu,NIJ FY23 Research and Evaluation on Firearms Violence and Mass Shootings,https://nij.ojp.gov/funding/opportunities/o-nij-2023-171566,THE REGENTS OF THE UNIV. OF COLORADO,CO,15PNIJ-23-GG-02401-MUMU,"$1,456,274",Open
2023,"A Mixed Methods Evaluation of the Impacts and Implementation of Florida's Risk Protection Order (RPO) Law, 2018-2023",https://nij.ojp.gov/funding/awards/15pnij-23-gg-02406-bsci,NIJ FY23 Research and Evaluation on Firearms Violence and Mass Shootings,https://nij.ojp.gov/funding/opportunities/o-nij-2023-171566,FLORIDA STATE UNIVERSITY,FL,15PNIJ-23-GG-02406-BSCI,"$700,224",Open
2023,A Mixed-Method Examination of the Effectiveness of Money Bail and other Pretrial Release Options,https://nij.ojp.gov/funding/awards/15pnij-23-gg-02233-nijb,NIJ FY23 Research and Evaluation on Jails,https://nij.ojp.gov/funding/opportunities/o-nij-2023-171613,FLORIDA STATE UNIVERSITY,FL,15PNIJ-23-GG-02233-NIJB,"$560,195",Open
2023,"A multilevel analysis of juvenile life without parole and its reform: understanding the people, places, and politics that shape policy.",https://nij.ojp.gov/funding/awards/15pnij-23-gg-01952-titl,NIJ FY23 Graduate Research Fellowship,https://nij.ojp.gov/funding/opportunities/o-nij-2023-171521,NORTHWESTERN UNIVERSITY,IL,15PNIJ-23-GG-01952-TITL,"$166,500",Open
2023,A Nationwide Assessment of Jail Reentry Policies and Practices: A Two-Tiered Study of the Field,https://nij.ojp.gov/funding/awards/15pnij-23-gg-02232-scax,NIJ FY23 Research and Evaluation on Jails,https://nij.ojp.gov/funding/opportunities/o-nij-2023-171613,RESEARCH TRIANGLE INSTITUTE,NC,15PNIJ-23-GG-02232-SCAX,"$599,986",Open
2023,"A Process, Adaptation, and Outcome Evaluation of San Gabriel Valley Crisis Assistance Response & Engagement (SGV CARE)",https://nij.ojp.gov/funding/awards/15pnij-23-gg-05494-ress,"NIJ FY23 Research and Evaluation on Policing Practices, Accountability Mechanisms, and Alternatives",https://nij.ojp.gov/funding/opportunities/o-nij-2023-171675,THE RAND CORPORATION,CA,15PNIJ-23-GG-05494-RESS,"$573,536",Open
2023,"A randomized controlled trial of Co-response for Mental Health Calls for Service to the Police in Fort Collins, CO",https://nij.ojp.gov/funding/awards/15pnij-23-gg-05502-ress,"NIJ FY23 Research and Evaluation on Policing Practices, Accountability Mechanisms, and Alternatives",https://nij.ojp.gov/funding/opportunities/o-nij-2023-171675,UNIVERSITY OF WYOMING,WY,15PNIJ-23-GG-05502-RESS,"$649,464",Open
2023,A Randomized Controlled Trial of the HeartMath Resilience Program: Exploring the Impact of Stress on Jail Staff Performance and Retention,https://nij.ojp.gov/funding/awards/15pnij-23-gg-02231-nijb,NIJ FY23 Research and Evaluation on Jails,https://nij.ojp.gov/funding/opportunities/o-nij-2023-171613,FLORIDA STATE UNIVERSITY,FL,15PNIJ-23-GG-02231-NIJB,"$498,491",Open
2023,A Statewide Mixed-methods Evaluation of Pennsylvania’s 8th Edition Sentencing Guidelines and their Impacts on Racial and Ethnic Disparities in Sentencing Outcomes,https://nij.ojp.gov/funding/awards/15pnij-23-gg-01365-nijb,NIJ FY23 W.E.B. Du Bois Program of Research on Reducing Racial and Ethnic Disparities in the Justice System,https://nij.ojp.gov/funding/opportunities/o-nij-2023-171519,DREXEL UNIVERSITY,PA,15PNIJ-23-GG-01365-NIJB,"$730,834",Open
2023,"A Whole Community Approach to Hate Crime Reduction: Research to Improve Prevention, Reporting, and Victim Support",https://nij.ojp.gov/funding/awards/15pnij-23-gg-05495-hate,NIJ FY23 Research and Evaluation on Hate Crimes,https://nij.ojp.gov/funding/opportunities/o-nij-2023-171634,RESEARCH FOUNDATION OF THE CITY UNIVERSITY OF NEW YORK,NY,15PNIJ-23-GG-05495-HATE,"$665,999",Open
2023,AAAS Science & Technology Policy Fellowships,https://nij.ojp.gov/funding/awards/2020-r2-cx-0009/3,,,AMERICAN ASSOCIATION FOR THE ADVANCEMENT OF SCIENCE,DC,2020-R2-CX-0009,"$300,000",Open
2023,ABCD Social Development (ABCD-SD),https://nij.ojp.gov/funding/awards/2017-mu-cx-0044/6,,,UNIVERSITY OF PITTSBURGH - OF THE COMMONWEALTH SYSTEM OF HIGHER EDUCATION,PA,2017-MU-CX-0044,"$1,900,000",Open
2023,"Accuracy, Efficacy, and Reproducibility of Muzzle-to-Target Distance Determination using Gunshot Residue",https://nij.ojp.gov/funding/awards/15pnij-23-gg-04222-mumu,NIJ FY23 Research and Development in Forensic Science for Criminal Justice Purposes,https://nij.ojp.gov/funding/opportunities/o-nij-2023-171606,"NOBLIS, INC.",VA,15PNIJ-23-GG-04222-MUMU,"$872,282",Open
2023,Accurate THC Determinations in Seized Cannabis-derived Finished Products for Forensic Laboratories,https://nij.ojp.gov/funding/awards/djo-nij-22-ro-0002/1,"Research  and Development in Forensic Science for Criminal Justice Purposes, Fiscal Year 2021",https://nij.ojp.gov/funding/opportunities/o-nij-2021-95001,National Institute of Standards and Technology,,DJO-NIJ-22-RO-0002,"$400,000",Open
2023,An Assessment of Dual System Data and Practices Capacity across Juvenile Justice and Child Welfare Systems,https://nij.ojp.gov/funding/awards/15pnij-23-gg-02411-titl,NIJ FY23 Research on Juvenile Justice Topics,https://nij.ojp.gov/funding/opportunities/o-nij-2023-171662,CAL STATE LA UNIVERSITY AUXILIARY SERVICES INC,CA,15PNIJ-23-GG-02411-TITL,"$2,000,000",Open
2023,An Evaluability Assessment of the Not In Our Town Hate and Bias Action Teams Model,https://nij.ojp.gov/funding/awards/15pnij-23-gg-05492-mumu,NIJ FY23 Research and Evaluation on Hate Crimes,https://nij.ojp.gov/funding/opportunities/o-nij-2023-171634,"DEVELOPMENT SERVICES GROUP, INC",MD,15PNIJ-23-GG-05492-MUMU,"$686,997",Open
2023,An Examination of the Law Enforcement Role in Implementing Extreme Risk Protection Orders,https://nij.ojp.gov/funding/awards/15pnij-23-gg-02399-bsci,NIJ FY23 Research and Evaluation on Firearms Violence and Mass Shootings,https://nij.ojp.gov/funding/opportunities/o-nij-2023-171566,POLICE EXECUTIVE RESEARCH FORUM,DC,15PNIJ-23-GG-02399-BSCI,"$425,304",Open
2023,An Image Analysis Framework for Objective Color Interpretation of Seized Drug Tests,https://nij.ojp.gov/funding/awards/15pnij-23-gg-04210-slfo,NIJ FY23 Research and Development in Forensic Science for Criminal Justice Purposes,https://nij.ojp.gov/funding/opportunities/o-nij-2023-171606,RESEARCH TRIANGLE INSTITUTE,NC,15PNIJ-23-GG-04210-SLFO,"$392,196",Open
2023,Analytical Challenges with Proliferating THC Analogues,https://nij.ojp.gov/funding/awards/15pnij-23-gg-01421-coap,NIJ FY23 Research and Evaluation for the Testing and Interpretation of Physical Evidence in Publicly Funded Forensic Laboratories,https://nij.ojp.gov/funding/opportunities/o-nij-2023-171560,VIRGINIA COMMONWEALTH UNIVERSITY,VA,15PNIJ-23-GG-01421-COAP,"$726,360",Open
2023,Assessing Solvability Factors in Missing Person Cases: A Mixed-Method Approach,https://nij.ojp.gov/funding/awards/15pnij-23-gg-01941-ress,NIJ FY23 Graduate Research Fellowship,https://nij.ojp.gov/funding/opportunities/o-nij-2023-171521,BOARD OF REGENTS OF NEVADA SYSTEM OF HIGHER EDUCATION,NV,15PNIJ-23-GG-01941-RESS,"$110,998",Open
2023,Assessing the Effectiveness of the Second Chance Act Grant Program through a Phased Evaluation Approach Using an Implementation Science Mixed Methods Approach,https://nij.ojp.gov/funding/awards/2020-cz-bx-0014/2,,,GEORGIA STATE UNIVERSITY RESEARCH FOUNDATION INC,GA,2020-CZ-BX-0014,"$320,000",Open
2023,Audio Deepfake Detection for Forensics and Security,https://nij.ojp.gov/funding/awards/15pnij-23-gg-01933-ress,NIJ FY23 Graduate Research Fellowship,https://nij.ojp.gov/funding/opportunities/o-nij-2023-171521,UNIVERSITY OF ROCHESTER,NY,15PNIJ-23-GG-01933-RESS,"$64,003",Open
2023,Beyond Suspect Identification: Fingerprint Aging with Machine Learning and Multidimensional Chemical Analysis,https://nij.ojp.gov/funding/awards/15pnij-23-gg-01950-ress,NIJ FY23 Graduate Research Fellowship,https://nij.ojp.gov/funding/opportunities/o-nij-2023-171521,IOWA STATE UNIVERSITY OF SCIENCE AND TECHNOLOGY,IA,15PNIJ-23-GG-01950-RESS,"$111,000",Open
2023,Building Better Indigent Defense Systems,https://nij.ojp.gov/funding/awards/15pnij-23-gg-02234-ress,NIJ FY23 Research and Evaluation on the Administration of Justice: Advancing Access to Justice 60 Years after Gideon,https://nij.ojp.gov/funding/opportunities/o-nij-2023-171579,SOUTHERN METHODIST UNIVERSITY,TX,15PNIJ-23-GG-02234-RESS,"$800,000",Open
2023,Building Equity in Objective Prison Classification: A Model for Reducing Racial and Ethnic Disparities,https://nij.ojp.gov/funding/awards/15pnij-23-gg-01363-nijb,NIJ FY23 W.E.B. Du Bois Program of Research on Reducing Racial and Ethnic Disparities in the Justice System,https://nij.ojp.gov/funding/opportunities/o-nij-2023-171519,UNIVERSITY OF MASSACHUSETTS MEDICAL SCHOOL,MA,15PNIJ-23-GG-01363-NIJB,"$599,976",Open
2023,California: A Decade of Decarceration,https://nij.ojp.gov/funding/awards/15pnij-23-gg-01938-ress,NIJ FY23 Graduate Research Fellowship,https://nij.ojp.gov/funding/opportunities/o-nij-2023-171521,SAM HOUSTON STATE UNIVERSITY,TX,15PNIJ-23-GG-01938-RESS,"$32,203",Closed
2023,Can Law Enforcement Training Address Racial and Ethnic Disproportionality? An Experimental Evaluation of Effective Youth Interactions,https://nij.ojp.gov/funding/awards/15pnij-23-gg-05491-ress,"NIJ FY23 Research and Evaluation on Policing Practices, Accountability Mechanisms, and Alternatives",https://nij.ojp.gov/funding/opportunities/o-nij-2023-171675,UNIVERSITY OF PITTSBURGH - OF THE COMMONWEALTH SYSTEM OF HIGHER EDUCATION,PA,15PNIJ-23-GG-05491-RESS,"$999,996",Open
2023,Cannabis liberalization policies and trends in cannabis-related school-based discipline: Examining sociodemographic disparities in Massachusetts,https://nij.ojp.gov/funding/awards/15pnij-23-gg-01954-titl,NIJ FY23 Graduate Research Fellowship,https://nij.ojp.gov/funding/opportunities/o-nij-2023-171521,UNIVERSITY OF MASSACHUSETTS,MA,15PNIJ-23-GG-01954-TITL,"$111,000",Open
2023,Capturing nuclear DNA from hair shafts,https://nij.ojp.gov/funding/awards/15pnij-23-gg-04209-dnax,NIJ FY23 Research and Development in Forensic Science for Criminal Justice Purposes,https://nij.ojp.gov/funding/opportunities/o-nij-2023-171606,GEORGE WASHINGTON UNIVERSITY (THE),DC,15PNIJ-23-GG-04209-DNAX,"$413,504",Open
2023,Caring Connections for Youth: Evaluation of a Countywide Pre-Arrest Diversion Initiative to Reduce Racial/Ethnic Disparities,https://nij.ojp.gov/funding/awards/15pnij-23-gg-02410-titl,NIJ FY23 Research on Juvenile Justice Topics,https://nij.ojp.gov/funding/opportunities/o-nij-2023-171662,UNIVERSITY OF PITTSBURGH - OF THE COMMONWEALTH SYSTEM OF HIGHER EDUCATION,PA,15PNIJ-23-GG-02410-TITL,"$866,309",Open
2023,"Climate, Culture, and Correction Officer Wellness",https://nij.ojp.gov/funding/awards/15pnij-23-gg-06104-ress,NIJ FY23 Research and Evaluation on Correctional Culture and Climate,https://nij.ojp.gov/funding/opportunities/o-nij-2023-171774,SUFFOLK UNIVERSITY,MA,15PNIJ-23-GG-06104-RESS,"$960,132",Open
2023,Community-Led Learning: A Collaborative Approach to Training and Technical Assistance for Violent Crime Problem Analyses,https://nij.ojp.gov/funding/awards/15pnij-23-gg-04270-mumu,"NIJ FY23 Community-Based Violence Intervention and Prevention Initiative (CVIPI) Research, Evaluation, and Associated Training & Technical Assistance Support",https://nij.ojp.gov/funding/opportunities/o-nij-2023-171648,RESEARCH FOUNDATION OF THE CITY UNIVERSITY OF NEW YORK,NY,15PNIJ-23-GG-04270-MUMU,"$1,991,949",Open
2023,Comparison of Examiner Conclusions with Score-based Likelihood Ratios for Cartridge Case Evidence,https://nij.ojp.gov/funding/awards/djo-nij-24-ro-0002,NIJ FY23 Research and Development in Forensic Science for Criminal Justice Purposes,https://nij.ojp.gov/funding/opportunities/o-nij-2023-171606,National Institute of Standards and Technology,,DJO-NIJ-24-RO-0002,"$409,578",Open
2023,"Comprehensive / Holistic Public Safety Approach using research, analysis and evaluation, of problem nature codes in the City of Minneapolis for Alternative Response development.",https://nij.ojp.gov/funding/awards/15pnij-23-gg-00271-brnd,NIJ FY 2023 Invited to Apply — Byrne Discretionary Community Project Funding/Byrne Discretionary Grants Program,https://nij.ojp.gov/funding/opportunities/o-nij-2023-171589,CITY OF MINNEAPOLIS,MN,15PNIJ-23-GG-00271-BRND,"$2,500,000",Open
2023,Comprehensive Evaluation of Kinetic and Thermodynamic Approaches to Predict Evaporation of Ignitable Liquids for Fire Debris Applications,https://nij.ojp.gov/funding/awards/15pnij-23-gg-04231-ress,NIJ FY23 Research and Development in Forensic Science for Criminal Justice Purposes,https://nij.ojp.gov/funding/opportunities/o-nij-2023-171606,MICHIGAN STATE UNIVERSITY,MI,15PNIJ-23-GG-04231-RESS,"$262,678",Open
2023,Criminal Justice Technology Testing and Evaluation Center,https://nij.ojp.gov/funding/awards/15pnij-23-gk-00931-nijb,NIJ FY23 Criminal Justice Technology Testing and Evaluation Center,https://nij.ojp.gov/funding/opportunities/o-nij-2023-171681,RESEARCH TRIANGLE INSTITUTE,NC,15PNIJ-23-GK-00931-NIJB,"$3,500,000",Open
2023,Data and Dashboards: Research and Enhancements to Ensure Mecklenburg County’s Criminal Justice System is a Leader in Data-Driven Decision Making,https://nij.ojp.gov/funding/awards/15pnij-23-gg-00272-brnd,NIJ FY 2023 Invited to Apply — Byrne Discretionary Community Project Funding/Byrne Discretionary Grants Program,https://nij.ojp.gov/funding/opportunities/o-nij-2023-171589,MECKLENBURG COUNTY,NC,15PNIJ-23-GG-00272-BRND,"$1,000,000",Open
2023,Democratizing investigative genetic genealogy,https://nij.ojp.gov/funding/awards/15pnij-23-gg-04213-dnax,NIJ FY23 Research and Development in Forensic Science for Criminal Justice Purposes,https://nij.ojp.gov/funding/opportunities/o-nij-2023-171606,THE UNIVERSITY OF NORTH TEXAS HEALTH SCIENCE CENTER AT FORT WORTH,TX,15PNIJ-23-GG-04213-DNAX,"$759,008",Open
2023,Developing a Portable and Fast Opioid Assessment Tool for Improved Field Decision-Making,https://nij.ojp.gov/funding/awards/15pnij-23-gg-04225-ress,NIJ FY23 Research and Development in Forensic Science for Criminal Justice Purposes,https://nij.ojp.gov/funding/opportunities/o-nij-2023-171606,OAKLAND UNIVERSITY,MI,15PNIJ-23-GG-04225-RESS,"$308,002",Open
2023,Developing a Strategy to Evaluate Urban Violence Prevention and Intervention Ecosystems: A Case Study of Boston,https://nij.ojp.gov/funding/awards/15pnij-23-gg-04266-cvip,"NIJ FY23 Community-Based Violence Intervention and Prevention Initiative (CVIPI) Research, Evaluation, and Associated Training & Technical Assistance Support",https://nij.ojp.gov/funding/opportunities/o-nij-2023-171648,AMERICAN INSTITUTES FOR RESEARCH IN THE BEHAVIORAL SCIENCES,VA,15PNIJ-23-GG-04266-CVIP,"$983,482",Open
2023,Developing and Validating Standards for Dental Cementum Age-at-Death and Season-of-Death Estimation,https://nij.ojp.gov/funding/awards/15pnij-23-gg-04229-slfo,NIJ FY23 Research and Development in Forensic Science for Criminal Justice Purposes,https://nij.ojp.gov/funding/opportunities/o-nij-2023-171606,THE UNIVERSITY OF TEXAS RIO GRANDE VALLEY,TX,15PNIJ-23-GG-04229-SLFO,"$467,325",Open
2023,Development of a colorimetric breath analyzer for THC,https://nij.ojp.gov/funding/awards/15pnij-22-gg-04437-ress/1,NIJ FY 2023 Invited to Apply - Funding to Support the Research and Development in Forensic Science for Criminal Justice Purposes Program,https://nij.ojp.gov/funding/opportunities/o-nij-2023-171847,VIRGINIA COMMONWEALTH UNIVERSITY,VA,15PNIJ-22-GG-04437-RESS,"$245,592",Past Project Period End Date
2023,Development of a Stable Matrix-Matched Standard for Molecular and Elemental Analysis of Hair in Forensic Toxicology,https://nij.ojp.gov/funding/awards/15pnij-23-gg-01945-ress,NIJ FY23 Graduate Research Fellowship,https://nij.ojp.gov/funding/opportunities/o-nij-2023-171521,THE UNIVERSITY OF CENTRAL FLORIDA BOARD OF TRUSTEES,FL,15PNIJ-23-GG-01945-RESS,"$110,966",Open
2023,Development of computational methods for genetic identification and kinship analysis of forensic samples,https://nij.ojp.gov/funding/awards/15pnij-23-gg-01948-ress,NIJ FY23 Graduate Research Fellowship,https://nij.ojp.gov/funding/opportunities/o-nij-2023-171521,UNIVERSITY OF CALIFORNIA SANTA CRUZ,CA,15PNIJ-23-GG-01948-RESS,"$111,000",Open
2023,Developmental Validation of a Novel Multi-analyte Recovery Method for Trace Biological Samples,https://nij.ojp.gov/funding/awards/15pnij-23-gg-04207-dnax,NIJ FY23 Research and Development in Forensic Science for Criminal Justice Purposes,https://nij.ojp.gov/funding/opportunities/o-nij-2023-171606,WEST VIRGINIA UNIVERSITY RESEARCH CORPORATION,WV,15PNIJ-23-GG-04207-DNAX,"$494,268",Open
2023,Domestic Terrorism Targeting America’s Political Elites,https://nij.ojp.gov/funding/awards/15pnij-23-gg-01385-domr,NIJ FY23 Research and Evaluation on Domestic Radicalization and Violent Extremism,https://nij.ojp.gov/funding/opportunities/o-nij-2023-171569,UNIVERSITY OF ILLINOIS,IL,15PNIJ-23-GG-01385-DOMR,"$751,254",Open
2023,Elder Abuse Survivor Equity (EASE) Study: National Longitudinal Trajectories and Translation for Practitioners and the Public,https://nij.ojp.gov/funding/awards/15pnij-23-gg-02625-mumu,"NIJ FY23 Research on the Abuse, Neglect, and Financial Exploitation of Older Adults",https://nij.ojp.gov/funding/opportunities/o-nij-2023-171526,NATIONAL OPINION RESEARCH CENTER,IL,15PNIJ-23-GG-02625-MUMU,"$1,499,885",Open
2023,Empirical Analysis of Saw Mark Characteristics in Human Bone: Meeting Forensic Standards in Dismemberment Cases,https://nij.ojp.gov/funding/awards/15pnij-23-gg-04215-slfo,NIJ FY23 Research and Development in Forensic Science for Criminal Justice Purposes,https://nij.ojp.gov/funding/opportunities/o-nij-2023-171606,DES MOINES UNIVERSITY OSTEOPATHIC MEDICAL CENTER,IA,15PNIJ-23-GG-04215-SLFO,"$495,637",Open
2023,Evaluating Processes and Outcomes of Housing Models for Victims of Human Trafficking,https://nij.ojp.gov/funding/awards/15pnij-23-gk-01928-ht,NIJ FY23 Research and Evaluation on Trafficking in Persons,https://nij.ojp.gov/funding/opportunities/o-nij-2023-171574,HARVARD COLLEGE PRESIDENT & FELLOWS OF,MA,15PNIJ-23-GK-01928-HT,"$654,195",Open
2023,Evaluating the reliability and accuracy of multiple geophysical methods in the search for clandestine graves,https://nij.ojp.gov/funding/awards/15pnij-23-gg-04226-slfo,NIJ FY23 Research and Development in Forensic Science for Criminal Justice Purposes,https://nij.ojp.gov/funding/opportunities/o-nij-2023-171606,UNIVERSITY OF TENNESSEE,TN,15PNIJ-23-GG-04226-SLFO,"$351,078",Open
2023,Evaluation of a Healing-Centered Community-Wide Approach to Addressing Firearm Violence in New Orleans,https://nij.ojp.gov/funding/awards/15pnij-23-gg-04267-cvip,"NIJ FY23 Community-Based Violence Intervention and Prevention Initiative (CVIPI) Research, Evaluation, and Associated Training & Technical Assistance Support",https://nij.ojp.gov/funding/opportunities/o-nij-2023-171648,THE ADMINISTRATORS OF TULANE EDUCATIONAL FUND,LA,15PNIJ-23-GG-04267-CVIP,"$1,250,000",Open
2023,Evaluation of cell capture and collection from bone,https://nij.ojp.gov/funding/awards/15pnij-23-gg-01944-ress,NIJ FY23 Graduate Research Fellowship,https://nij.ojp.gov/funding/opportunities/o-nij-2023-171521,VIRGINIA COMMONWEALTH UNIVERSITY,VA,15PNIJ-23-GG-01944-RESS,"$55,488",Past Project Period End Date
2023,Evaluation of Culture and Climate Effects in the Virginia Department of Corrections Cognitive Communities,https://nij.ojp.gov/funding/awards/15pnij-23-gg-06103-ress,NIJ FY23 Research and Evaluation on Correctional Culture and Climate,https://nij.ojp.gov/funding/opportunities/o-nij-2023-171774,RESEARCH TRIANGLE INSTITUTE,NC,15PNIJ-23-GG-06103-RESS,"$860,438",Open
2023,Evaluation of Target Enrichment for SNP Genotyping of Skeletal Remains,https://nij.ojp.gov/funding/awards/15pnij-23-gg-04224-ress,NIJ FY23 Research and Development in Forensic Science for Criminal Justice Purposes,https://nij.ojp.gov/funding/opportunities/o-nij-2023-171606,"BODE CELLMARK FORENSICS, INC.",VA,15PNIJ-23-GG-04224-RESS,"$659,287",Open
2023,Evaluation of the California Human Trafficking Victim Assistance Grant Program,https://nij.ojp.gov/funding/awards/15pnij-23-gg-01926-ht,NIJ FY23 Research and Evaluation on Trafficking in Persons,https://nij.ojp.gov/funding/opportunities/o-nij-2023-171574,RESEARCH TRIANGLE INSTITUTE,NC,15PNIJ-23-GG-01926-HT,"$799,859",Open
2023,Evaluation of the Luxon Ion Source for Rapid Screening in Forensic Laboratories,https://nij.ojp.gov/funding/awards/15pnij-23-gg-01419-ress,NIJ FY23 Research and Evaluation for the Testing and Interpretation of Physical Evidence in Publicly Funded Forensic Laboratories,https://nij.ojp.gov/funding/opportunities/o-nij-2023-171560,RESEARCH TRIANGLE INSTITUTE,NC,15PNIJ-23-GG-01419-RESS,"$319,172",Open
2023,"Examining the Impacts of Body-Worn Cameras on Correctional Culture, Climate, and the Well-Being of Staff and Incarcerated Persons",https://nij.ojp.gov/funding/awards/15pnij-23-gg-06102-fsax,NIJ FY23 Research and Evaluation on Correctional Culture and Climate,https://nij.ojp.gov/funding/opportunities/o-nij-2023-171774,THE CNA CORPORATION,VA,15PNIJ-23-GG-06102-FSAX,"$874,312",Open
2023,Expanding Mental Health Diversion Opportunities: A Prospective Evaluation of the Los Angeles County Intake Booking Diversion Program,https://nij.ojp.gov/funding/awards/15pnij-23-ag-03563-ress,"NIJ FY 2023 Invited to Apply - Research and Evaluation in Safety, Health, and Wellness in the Criminal Justice System",https://nij.ojp.gov/funding/opportunities/o-nij-2023-171868,JUSTICE INNOVATION INC.,NY,15PNIJ-23-AG-03563-RESS,"$754,209",Open
2023,Experimental and numerical investigations for the development and validation of thermo-chemistry models and property databases for selected wall lining materials under fire exposure,https://nij.ojp.gov/funding/awards/15pnij-23-gg-04204-ress,NIJ FY23 Research and Development in Forensic Science for Criminal Justice Purposes,https://nij.ojp.gov/funding/opportunities/o-nij-2023-171606,EASTERN KENTUCKY UNIVERSITY,KY,15PNIJ-23-GG-04204-RESS,"$290,289",Open
2023,Exploring how survivor perspectives and priorities are reflected in the use and implementation of Extreme Risk Protective Orders to address intimate partner violence,https://nij.ojp.gov/funding/awards/15pnij-23-gg-02404-bsci,NIJ FY23 Research and Evaluation on Firearms Violence and Mass Shootings,https://nij.ojp.gov/funding/opportunities/o-nij-2023-171566,RESEARCH TRIANGLE INSTITUTE,NC,15PNIJ-23-GG-02404-BSCI,"$579,986",Open
2023,"Exploring Officer Patrol Behaviors Using Automated Vehicle Locator and Body-Worn Camera Data in Kansas City, Missouri",https://nij.ojp.gov/funding/awards/15pnij-23-gg-05490-ress,"NIJ FY23 Research and Evaluation on Policing Practices, Accountability Mechanisms, and Alternatives",https://nij.ojp.gov/funding/opportunities/o-nij-2023-171675,NORTHEASTERN UNIVERSITY,MA,15PNIJ-23-GG-05490-RESS,"$862,804",Open
2023,Exploring the Impact of Station Dog Programs on Agency Wellness and Community Relationships,https://nij.ojp.gov/funding/awards/15pnij-23-gg-05501-ress,"NIJ FY23 Research and Evaluation on Policing Practices, Accountability Mechanisms, and Alternatives",https://nij.ojp.gov/funding/opportunities/o-nij-2023-171675,THE CNA CORPORATION,VA,15PNIJ-23-GG-05501-RESS,"$648,166",Open
2023,Extreme Risk Protection Orders in Washington State and their Impact on Firearm-Related Arrests and Convictions,https://nij.ojp.gov/funding/awards/15pnij-23-gg-01935-nonf,NIJ FY23 Graduate Research Fellowship,https://nij.ojp.gov/funding/opportunities/o-nij-2023-171521,UNIVERSITY OF WASHINGTON,WA,15PNIJ-23-GG-01935-NONF,"$166,500",Open
2023,"Extreme Risk Protection Orders, Leakage, and Social Networks: The Legislative, Behavioral, and Social Contexts Surrounding Mass Public Shooting Incidents and Plots",https://nij.ojp.gov/funding/awards/15pnij-23-gg-02408-bsci,NIJ FY23 Research and Evaluation on Firearms Violence and Mass Shootings,https://nij.ojp.gov/funding/opportunities/o-nij-2023-171566,UNIVERSITY OF MASSACHUSETTS LOWELL,MA,15PNIJ-23-GG-02408-BSCI,"$985,776",Open
2023,FIU - Forensic Technology Center of Excellence,https://nij.ojp.gov/funding/awards/15pnij-21-gk-02191-ress/2,,,FLORIDA INTERNATIONAL UNIVERSITY,FL,15PNIJ-21-GK-02191-RESS,"$300,000",Open
2023,"Forensic Technology Center of Excellence, Fiscal Year 2021",https://nij.ojp.gov/funding/awards/15pnij-21-gk-02192-mumu/2,,,RESEARCH TRIANGLE INSTITUTE,NC,15PNIJ-21-GK-02192-MUMU,"$2,200,000",Open
2023,"Funding Support for the Operations of the Committee on Law and Justice of the National Academies of Sciences, Engineering, and Medicine",https://nij.ojp.gov/funding/awards/15pnij-23-gg-03573-nijb,"NIJ FY 2023 Invited to Apply – Funding Support for the Operations of the Committee on Law and Justice of the National Academies of Sciences, Engineering, and Medicine",https://nij.ojp.gov/funding/opportunities/o-nij-2023-171860,NATIONAL ACADEMY OF SCIENCES,DC,15PNIJ-23-GG-03573-NIJB,"$250,000",Open
2023,Houston Police Department’s Domestic Abuse Response Team (D.A.R.T.): An Outcome Evaluation of an Innovative Approach to a Persistent Problem,https://nij.ojp.gov/funding/awards/15pnij-23-gg-01929-nonf,NIJ FY23 Research and Evaluation of Services for Victims of Crime,https://nij.ojp.gov/funding/opportunities/o-nij-2023-171534,RESEARCH TRIANGLE INSTITUTE,NC,15PNIJ-23-GG-01929-NONF,"$659,300",Open
2023,Impact of Relic DNA on Forensic Microbiome Applications in Criminal Investigations,https://nij.ojp.gov/funding/awards/15pnij-23-gg-04205-ress,NIJ FY23 Research and Development in Forensic Science for Criminal Justice Purposes,https://nij.ojp.gov/funding/opportunities/o-nij-2023-171606,UNIVERSITY OF TENNESSEE,TN,15PNIJ-23-GG-04205-RESS,"$229,454",Open
2023,Implementation Evaluation of Hate Crime Task Forces,https://nij.ojp.gov/funding/awards/15pnij-23-gg-05489-hate,NIJ FY23 Research and Evaluation on Hate Crimes,https://nij.ojp.gov/funding/opportunities/o-nij-2023-171634,THE URBAN INSTITUTE,DC,15PNIJ-23-GG-05489-HATE,"$995,936",Open
2023,"Implementation of NPS Discovery – An Early Warning Systems for Novel Drug Intelligence, Surveillance, Monitoring, Response, and Forecasting using Drug Materials and Toxicology Populations in the US",https://nij.ojp.gov/funding/awards/15pnij-22-gg-04434-mumu/1,NIJ FY 2023 Invited to Apply - Funding to Support the Research and Development in Forensic Science for Criminal Justice Purposes Program,https://nij.ojp.gov/funding/opportunities/o-nij-2023-171847,THE FREDRIC RIEDERS FAMILY RENAISSANCE FOUNDATION,PA,15PNIJ-22-GG-04434-MUMU,"$492,810",Past Project Period End Date
2023,Internal Affairs Complaint Investigations: A Multi-Site Comparison,https://nij.ojp.gov/funding/awards/15pnij-23-gg-05497-ress,"NIJ FY23 Research and Evaluation on Policing Practices, Accountability Mechanisms, and Alternatives",https://nij.ojp.gov/funding/opportunities/o-nij-2023-171675,UNIVERSITY OF MASSACHUSETTS LOWELL,MA,15PNIJ-23-GG-05497-RESS,"$907,011",Open
2023,Life-course and Intergenerational Effects of Crime and Criminal Justice Involvement: Identifying Risks and the Search for Resilience,https://nij.ojp.gov/funding/awards/15pnij-23-ag-01491-mumu,NIJ FY 2023 Invited to Apply - Longitudinal Research on Delinquency and Crime,https://nij.ojp.gov/funding/opportunities/o-nij-2023-171854,FLORIDA STATE UNIVERSITY,FL,15PNIJ-23-AG-01491-MUMU,"$1,372,994",Open
2023,Losing Sleep and Losing Control: The Impact of Subjective and Objective Sleep on the Problem Behavior and Mental Health of Justice-Involved Young Adults,https://nij.ojp.gov/funding/awards/15pnij-23-gg-01946-ress,NIJ FY23 Graduate Research Fellowship,https://nij.ojp.gov/funding/opportunities/o-nij-2023-171521,UNIVERSITY OF CALIFORNIA IRVINE,CA,15PNIJ-23-GG-01946-RESS,"$166,500",Open
2023,Mapping the Continuum of Support for Violent Extremism in the United States,https://nij.ojp.gov/funding/awards/15pnij-23-gg-01383-domr,NIJ FY23 Research and Evaluation on Domestic Radicalization and Violent Extremism,https://nij.ojp.gov/funding/opportunities/o-nij-2023-171569,RESEARCH TRIANGLE INSTITUTE,NC,15PNIJ-23-GG-01383-DOMR,"$1,192,220",Open
2023,Measuring the Impact of Victim Services,https://nij.ojp.gov/funding/awards/2019-mu-mu-k026/1,,,RESEARCH TRIANGLE INSTITUTE,NC,2019-MU-MU-K026,"$99,900",Past Project Period End Date
2023,Mechanics of Retinal Hemmorhage in Abusive Head Trauma,https://nij.ojp.gov/funding/awards/15pnij-23-gg-04211-slfo,NIJ FY23 Research and Development in Forensic Science for Criminal Justice Purposes,https://nij.ojp.gov/funding/opportunities/o-nij-2023-171606,UNIVERSITY OF UTAH,UT,15PNIJ-23-GG-04211-SLFO,"$604,409",Open
2023,Meeting National Safety Council Recommendations: Accurate Rapid Tests and Laboratory Confirmation Procedures for Fentanyl and Prevalent Opioids in Oral Fluid,https://nij.ojp.gov/funding/awards/15pnij-23-gg-04233-ress,NIJ FY23 Research and Development in Forensic Science for Criminal Justice Purposes,https://nij.ojp.gov/funding/opportunities/o-nij-2023-171606,"9 DELTA ANALYTICAL, LLC",CA,15PNIJ-23-GG-04233-RESS,"$434,500",Past Project Period End Date
2023,"Meeting the Ongoing, Urgent, Unmet Needs of Uvalde Residents After the Robb Elementary School Shooting",https://nij.ojp.gov/funding/awards/15pnij-23-gg-04105-aerx,NIJ FY 2023 Invited to Apply - University of Texas at Austin Developing More Effective Services and Programs for Victims of Mass Shootings,https://nij.ojp.gov/funding/opportunities/o-nij-2023-171863,UNIVERSITY OF TEXAS AT AUSTIN,TX,15PNIJ-23-GG-04105-AERX,"$1,000,000",Open
2023,Mental Health in the Criminal Justice System-The Effect of Mandating Treatment for Convicted Individuals,https://nij.ojp.gov/funding/awards/15pnij-23-gg-01942-ress,NIJ FY23 Graduate Research Fellowship,https://nij.ojp.gov/funding/opportunities/o-nij-2023-171521,"UNIVERSITY OF MARYLAND, COLLEGE PARK",MD,15PNIJ-23-GG-01942-RESS,"$25,655",Closed
2023,Military Sexual Trauma Experiences of Female Veterans in Michigan,https://nij.ojp.gov/funding/awards/15pnij-23-gg-01953-nonf,NIJ FY23 Graduate Research Fellowship,https://nij.ojp.gov/funding/opportunities/o-nij-2023-171521,MICHIGAN STATE UNIVERSITY,MI,15PNIJ-23-GG-01953-NONF,"$116,692",Open
2023,Mitigating demographic bias in forensic speaker identification,https://nij.ojp.gov/funding/awards/15pnij-23-gg-04220-ress,NIJ FY23 Research and Development in Forensic Science for Criminal Justice Purposes,https://nij.ojp.gov/funding/opportunities/o-nij-2023-171606,SRI INTERNATIONAL,CA,15PNIJ-23-GG-04220-RESS,"$553,851",Open
2023,Nanoparticle-Decorated Micropillars As Integrated Raman Spectroscopy and Mass Spectrometry Substrates for Quantitative and High-Throughput Toxicology Drug Analysis,https://nij.ojp.gov/funding/awards/15pnij-23-gg-04235-ress,NIJ FY23 Research and Development in Forensic Science for Criminal Justice Purposes,https://nij.ojp.gov/funding/opportunities/o-nij-2023-171606,TRUSTEES OF INDIANA UNIVERSITY,IN,15PNIJ-23-GG-04235-RESS,"$199,676",Open
2023,Networks and Pathways of Violent Extremism: Effectiveness of Dis/Misinformation Campaigns,https://nij.ojp.gov/funding/awards/15pnij-23-gg-01381-domr,NIJ FY23 Research and Evaluation on Domestic Radicalization and Violent Extremism,https://nij.ojp.gov/funding/opportunities/o-nij-2023-171569,CLEMSON UNIVERSITY,SC,15PNIJ-23-GG-01381-DOMR,"$953,203",Open
2023,New Age Therapeutics: Development and Validation of an Analytical Workflow for the Analysis of Psychedelics in Biological Matrices,https://nij.ojp.gov/funding/awards/15pnij-23-gg-01426-ress,NIJ FY23 Research and Evaluation for the Testing and Interpretation of Physical Evidence in Publicly Funded Forensic Laboratories,https://nij.ojp.gov/funding/opportunities/o-nij-2023-171560,COMMONWEALTH OF VIRGINIA DEPARTMENT OF FORENSIC SCIENCE,VA,15PNIJ-23-GG-01426-RESS,"$441,886",Open
2023,Next Generation Emergency Networks,https://nij.ojp.gov/funding/awards/15pnij-23-gg-01949-ress,NIJ FY23 Graduate Research Fellowship,https://nij.ojp.gov/funding/opportunities/o-nij-2023-171521,VIRGINIA POLYTECHNIC INSTITUTE & STATE UNIVERSITY,VA,15PNIJ-23-GG-01949-RESS,"$166,500",Open
2023,NIJ co-sponsorship of the Center for Advanced Research in Forensic Science (CARFS),https://nij.ojp.gov/funding/awards/gojpnij23000040,"NIJ Non-solicited Applications, FY 2023",https://nij.ojp.gov/funding/opportunities/nij-2023-non-solicited,National Science Foundation,,GOJPNIJ23000040,"$600,000",Open
2023,NIJ Community Violence Intervention Research and Evaluation Training and Technical Assistance (TTA) Center,https://nij.ojp.gov/funding/awards/15pnij-23-gg-04264-cvip,"NIJ FY23 Community-Based Violence Intervention and Prevention Initiative (CVIPI) Research, Evaluation, and Associated Training & Technical Assistance Support",https://nij.ojp.gov/funding/opportunities/o-nij-2023-171648,THE URBAN INSTITUTE,DC,15PNIJ-23-GG-04264-CVIP,"$5,000,000",Open
2023,NIJ FY23 National Study Examining Interpersonal Violence Experienced By Young Adults,https://nij.ojp.gov/funding/awards/15pnij-23-gk-02236-mumu,NIJ FY23 National Study Examining Interpersonal Violence Experienced By Young Adults,https://nij.ojp.gov/funding/opportunities/o-nij-2023-171630,"WESTAT, INC.",MD,15PNIJ-23-GK-02236-MUMU,"$1,000,000",Open
2023,NIJ Innovations in Measuring Community Perceptions Challenge Winner: Albrecht & Smirnova,https://nij.ojp.gov/funding/awards/2023-community-perceptions-0007,Innovations in Measuring Community Perceptions Challenge,https://nij.ojp.gov/funding/opportunities/fy23-measuring-community-perceptions-challenge,Albrecht & Smirnova,,2023-community-perceptions-0007,"$10,000",Closed
2023,NIJ Innovations in Measuring Community Perceptions Challenge Winner: Community PoliSense,https://nij.ojp.gov/funding/awards/2023-community-perceptions-0006,Innovations in Measuring Community Perceptions Challenge,https://nij.ojp.gov/funding/opportunities/fy23-measuring-community-perceptions-challenge,Community PoliSense,,2023-community-perceptions-0006,"$25,000",Closed
2023,NIJ Innovations in Measuring Community Perceptions Challenge Winner: Duddon Research,https://nij.ojp.gov/funding/awards/2023-community-perceptions-0011,Innovations in Measuring Community Perceptions Challenge,https://nij.ojp.gov/funding/opportunities/fy23-measuring-community-perceptions-challenge,Duddon Research,,2023-community-perceptions-0011,"$5,000",Closed
2023,NIJ Innovations in Measuring Community Perceptions Challenge Winner: Johnston & Company,https://nij.ojp.gov/funding/awards/2023-community-perceptions-0003,Innovations in Measuring Community Perceptions Challenge,https://nij.ojp.gov/funding/opportunities/fy23-measuring-community-perceptions-challenge,Johnston & Company,,2023-community-perceptions-0003,"$5,000",Closed
2023,NIJ Innovations in Measuring Community Perceptions Challenge Winner: Just Police,https://nij.ojp.gov/funding/awards/2023-community-perceptions-0004,Innovations in Measuring Community Perceptions Challenge,https://nij.ojp.gov/funding/opportunities/fy23-measuring-community-perceptions-challenge,Just Police,,2023-community-perceptions-0004,"$2,500",Closed
2023,NIJ Innovations in Measuring Community Perceptions Challenge Winner: MCHawks,https://nij.ojp.gov/funding/awards/2023-community-perceptions-0001,Innovations in Measuring Community Perceptions Challenge,https://nij.ojp.gov/funding/opportunities/fy23-measuring-community-perceptions-challenge,MCHawks,,2023-community-perceptions-0001,"$25,000",Closed
2023,NIJ Innovations in Measuring Community Perceptions Challenge Winner: Michelle Masters,https://nij.ojp.gov/funding/awards/2023-community-perceptions-0009,Innovations in Measuring Community Perceptions Challenge,https://nij.ojp.gov/funding/opportunities/fy23-measuring-community-perceptions-challenge,Michelle Masters,,2023-community-perceptions-0009,"$2,500",Closed
2023,NIJ Innovations in Measuring Community Perceptions Challenge Winner: Micro-Community Policing Plans,https://nij.ojp.gov/funding/awards/2023-community-perceptions-0002,Innovations in Measuring Community Perceptions Challenge,https://nij.ojp.gov/funding/opportunities/fy23-measuring-community-perceptions-challenge,Micro-Community Policing Plans,,2023-community-perceptions-0002,"$10,000",Closed
2023,NIJ Innovations in Measuring Community Perceptions Challenge Winner: Mood mappers,https://nij.ojp.gov/funding/awards/2023-community-perceptions-0012,Innovations in Measuring Community Perceptions Challenge,https://nij.ojp.gov/funding/opportunities/fy23-measuring-community-perceptions-challenge,Mood mappers,,2023-community-perceptions-0012,"$5,000",Closed
2023,NIJ Innovations in Measuring Community Perceptions Challenge Winner: Policing Accountability and Policy Evaluation Research Lab,https://nij.ojp.gov/funding/awards/2023-community-perceptions-0005,Innovations in Measuring Community Perceptions Challenge,https://nij.ojp.gov/funding/opportunities/fy23-measuring-community-perceptions-challenge,Policing Accountability and Policy Evaluation Research Lab,,2023-community-perceptions-0005,"$2,500",Closed
2023,NIJ Innovations in Measuring Community Perceptions Challenge Winner: ScienceCast,https://nij.ojp.gov/funding/awards/2023-community-perceptions-0008,Innovations in Measuring Community Perceptions Challenge,https://nij.ojp.gov/funding/opportunities/fy23-measuring-community-perceptions-challenge,ScienceCast,,2023-community-perceptions-0008,"$5,000",Closed
2023,NIJ Innovations in Measuring Community Perceptions Challenge Winner: The Eagles,https://nij.ojp.gov/funding/awards/2023-community-perceptions-0010,Innovations in Measuring Community Perceptions Challenge,https://nij.ojp.gov/funding/opportunities/fy23-measuring-community-perceptions-challenge,The Eagles,,2023-community-perceptions-0010,"$5,000",Closed
2023,NIJ LEADS,https://nij.ojp.gov/funding/awards/15pnij-23-gk-04221-nijb,NIJ FY23 Support for the Law Enforcement Advancing Data and Science Scholars Program,https://nij.ojp.gov/funding/opportunities/o-nij-2023-171682,NATIONAL POLICING INSTITUTE,VA,15PNIJ-23-GK-04221-NIJB,"$1,000,000",Open
2023,NIJ Multisite Impact and Cost-Efficiency Evaluation of Veterans Treatment Courts,https://nij.ojp.gov/funding/awards/15pnij-22-gk-00035-vtcx/1,,,AMERICAN UNIVERSITY,DC,15PNIJ-22-GK-00035-VTCX,"$1,500,000",Open
2023,Ontogenetic Study of the Pelvis Through Examination of Interlandmark Distances and Geometric Morphometric Analyses: Implications for Subadult Sex and Age Estimation,https://nij.ojp.gov/funding/awards/15pnij-23-gg-01940-ress,NIJ FY23 Graduate Research Fellowship,https://nij.ojp.gov/funding/opportunities/o-nij-2023-171521,BOARD OF REGENTS OF THE NEVADA SYSTEM OF HIGHER ED,NV,15PNIJ-23-GG-01940-RESS,"$111,000",Open
2023,Operationalizing the Individual versus Group Fairness Dichotomy for Recidivism Risk Assessment: US Legal Challenges and Technical Proposals,https://nij.ojp.gov/funding/awards/15pnij-23-gg-01932-ress,NIJ FY23 Graduate Research Fellowship,https://nij.ojp.gov/funding/opportunities/o-nij-2023-171521,"UNIVERSITY OF MARYLAND, COLLEGE PARK",MD,15PNIJ-23-GG-01932-RESS,"$166,500",Open
2023,Optimizing Analytical Parameters for Detection of Chronic and Single Dose Drug Exposure in Forensic Hair Analysis,https://nij.ojp.gov/funding/awards/15pnij-23-gg-04208-mumu,NIJ FY23 Research and Development in Forensic Science for Criminal Justice Purposes,https://nij.ojp.gov/funding/opportunities/o-nij-2023-171606,FLORIDA INTERNATIONAL UNIVERSITY,FL,15PNIJ-23-GG-04208-MUMU,"$431,892",Open
2023,Optimizing New STRs for Enhanced DNA Mixture Deconvolution,https://nij.ojp.gov/funding/awards/15pnij-23-gg-04214-ress,NIJ FY23 Research and Development in Forensic Science for Criminal Justice Purposes,https://nij.ojp.gov/funding/opportunities/o-nij-2023-171606,THE UNIVERSITY OF NORTH TEXAS HEALTH SCIENCE CENTER AT FORT WORTH,TX,15PNIJ-23-GG-04214-RESS,"$513,529",Open
2023,Pathways to Resilience: Assessing the Impact of Juvenile Justice Reforms in Oklahoma,https://nij.ojp.gov/funding/awards/15pnij-23-gg-02409-titl,NIJ FY23 Research on Juvenile Justice Topics,https://nij.ojp.gov/funding/opportunities/o-nij-2023-171662,AMERICAN INSTITUTES FOR RESEARCH IN THE BEHAVIORAL SCIENCES,VA,15PNIJ-23-GG-02409-TITL,"$1,095,972",Open
2023,Pivoting Headspace Ethanol Analysis to Accommodate Modern Day Scenarios,https://nij.ojp.gov/funding/awards/15pnij-23-gg-01424-mumu,NIJ FY23 Research and Evaluation for the Testing and Interpretation of Physical Evidence in Publicly Funded Forensic Laboratories,https://nij.ojp.gov/funding/opportunities/o-nij-2023-171560,COMMONWEALTH OF VIRGINIA DEPARTMENT OF FORENSIC SCIENCE,VA,15PNIJ-23-GG-01424-MUMU,"$371,593",Open
2023,Police Supervision Redux: Examining Police Supervision in the 21st Century,https://nij.ojp.gov/funding/awards/15pnij-23-gg-05488-ress,"NIJ FY23 Research and Evaluation on Policing Practices, Accountability Mechanisms, and Alternatives",https://nij.ojp.gov/funding/opportunities/o-nij-2023-171675,NATIONAL POLICING INSTITUTE,VA,15PNIJ-23-GG-05488-RESS,"$1,000,000",Open
2023,Policing Leadership and Accountability: Harnessing Big Data and Causal Inference for Evaluating Police Reform Practices,https://nij.ojp.gov/funding/awards/15pnij-23-gg-05487-ress,"NIJ FY23 Research and Evaluation on Policing Practices, Accountability Mechanisms, and Alternatives",https://nij.ojp.gov/funding/opportunities/o-nij-2023-171675,UNIVERSITY OF UTAH,UT,15PNIJ-23-GG-05487-RESS,"$972,083",Open
2023,Positive Adolescent Interpersonal Relationships (PAIR): A Community-Based STRiV Study,https://nij.ojp.gov/funding/awards/15pnij-23-gg-01380-reva,NIJ FY23 Research  and Evaluation on Violence Against Women,https://nij.ojp.gov/funding/opportunities/o-nij-2023-171586,NATIONAL OPINION RESEARCH CENTER,IL,15PNIJ-23-GG-01380-REVA,"$1,996,357",Open
2023,Pretrial Policy Change and Place: Evaluating the Impacts of Maryland's Bail Reform on Crime and Pretrial Outcomes across Courts,https://nij.ojp.gov/funding/awards/15pnij-23-gg-01931-ress,NIJ FY23 Graduate Research Fellowship,https://nij.ojp.gov/funding/opportunities/o-nij-2023-171521,UNIVERSITY OF CALIFORNIA IRVINE,CA,15PNIJ-23-GG-01931-RESS,"$55,500",Open
2023,PRISONERS ON THE MOVE: EXAMINING THE NATURE AND EFFECTS OF PRISON TRANSIENCY ON INCARCERATED INDIVIDUALS,https://nij.ojp.gov/funding/awards/15pnij-23-gg-01936-ress,NIJ FY23 Graduate Research Fellowship,https://nij.ojp.gov/funding/opportunities/o-nij-2023-171521,CINCINNATI UNIV OF,OH,15PNIJ-23-GG-01936-RESS,"$105,000",Open
2023,Procedural Justice in Jails,https://nij.ojp.gov/funding/awards/15pnij-23-gg-06105-mumu,NIJ FY23 Research and Evaluation on Correctional Culture and Climate,https://nij.ojp.gov/funding/opportunities/o-nij-2023-171774,THE CNA CORPORATION,VA,15PNIJ-23-GG-06105-MUMU,"$894,789",Open
2023,Quantification of psychotropic cannabinoids in newly emerging hemp-derived products and evaluation of their stability and interconversion during storage,https://nij.ojp.gov/funding/awards/15pnij-23-gg-04234-ress,NIJ FY23 Research and Development in Forensic Science for Criminal Justice Purposes,https://nij.ojp.gov/funding/opportunities/o-nij-2023-171606,WESTERN ILLINOIS UNIVERSITY,IL,15PNIJ-23-GG-04234-RESS,"$251,505",Open
2023,Quantifying the accuracy of low quality DNA sample analysis from genotyping to genealogical searching and integration as a bioinformatic pipeline,https://nij.ojp.gov/funding/awards/15pnij-23-ag-04262-dnax,NIJ FY 2023 Invited to Apply - Funding to Support the Research and Development in Forensic Science for Criminal Justice Purposes Program,https://nij.ojp.gov/funding/opportunities/o-nij-2023-171873,UNIVERSITY OF OREGON,OR,15PNIJ-23-AG-04262-DNAX,"$266,406",Open
2023,Quantifying the strength of support in fingerprint casework comparisons,https://nij.ojp.gov/funding/awards/15pnij-23-gg-04227-slfo,NIJ FY23 Research and Development in Forensic Science for Criminal Justice Purposes,https://nij.ojp.gov/funding/opportunities/o-nij-2023-171606,TRUSTEES OF INDIANA UNIVERSITY,IN,15PNIJ-23-GG-04227-SLFO,"$609,185",Open
2023,"Quantitative and visual prediction of eye, hair and skin color from DNA",https://nij.ojp.gov/funding/awards/15pnij-23-gg-04206-ress,NIJ FY23 Research and Development in Forensic Science for Criminal Justice Purposes,https://nij.ojp.gov/funding/opportunities/o-nij-2023-171606,TRUSTEES OF INDIANA UNIVERSITY,IN,15PNIJ-23-GG-04206-RESS,"$980,527",Open
2023,Quantitative Assessment of Fracture Characteristics in Blunt Force Skeletal Trauma for Forensic Interpretations,https://nij.ojp.gov/funding/awards/15pnij-23-gg-04219-slfo,NIJ FY23 Research and Development in Forensic Science for Criminal Justice Purposes,https://nij.ojp.gov/funding/opportunities/o-nij-2023-171606,"OHIO STATE UNIVERSITY, THE",OH,15PNIJ-23-GG-04219-SLFO,"$818,054",Open
2023,Rapid screening and identification of fentanyl in drug mixtures using surface enhanced Raman spectroscopy,https://nij.ojp.gov/funding/awards/15pnij-23-gg-04230-ress,NIJ FY23 Research and Development in Forensic Science for Criminal Justice Purposes,https://nij.ojp.gov/funding/opportunities/o-nij-2023-171606,FLORIDA INTERNATIONAL UNIVERSITY,FL,15PNIJ-23-GG-04230-RESS,"$190,662",Open
2023,Recovery and Analysis of Less Volatile Components for the Identification of Ignitable Liquid Residues in Fire Debris - Continuation of current NIJ-funded project (2020-DQ-BX-0003),https://nij.ojp.gov/funding/awards/15pnij-23-gg-04223-ress,NIJ FY23 Research and Development in Forensic Science for Criminal Justice Purposes,https://nij.ojp.gov/funding/opportunities/o-nij-2023-171606,MIDDLE TENNESSEE STATE UNIVERSITY,TN,15PNIJ-23-GG-04223-RESS,"$99,818",Open
